Sokak,IUid,ada,Parsel,NIU,IULicType,NumFloor,ParcelLoc,CAREA,LOCPOINT,IURegM²,Neighbourhood,DisCul,DisSoc,IUType,IUDir,DisBus,DisColl,DisPrEd,DisPray,IUBalc,Heatype,ParZonType,MROAD,Garage,BYEAR,NROOMS,NBATH,DisHos,DisMall,DisMark,DisMetro,DisUni,FlrLoc,Elav,Complex,IUM²,Price
SEHITLER CAD, , , ,21,2,7, , , ,147,CENGIZHAN, , ,3,7,25,1682.2,375,377,2,1,1,1,1,4,4,1,2962,1251,402,5749,5905,1,1,1,147,330000
327. SOK,1647048,6648,12,20,2,5, , , ,100,ASIK VEYSEL, , ,3,4,242,344,672,398,2,1,1,2,2,15,4,1,832,4896,247,2155,2379,3,2,2,100,230000
846. CAD,1745916, , ,12, ,3, , , ,120,CENGIZHAN, , ,3,5,109,950,444,549,2,1,1,1,1,5,4,1,2222,2012,179,5047,5039,1,2,2,120,250000
650. SOKAK, ,36502,2,16, ,4, , , ,115,SAHINTEPE, , ,3,8,82,920,376,439,2,1,1,2,2,12,3,1,392,3822,108,3361,3555,1,2,2,115,150000
NATOYOLU CAD, ,36235,5,10, ,5, , , ,120,GENERAL ZEKI DOGAN, , ,3,2,25,912,343,313,2,1,1,1,2,14,4,1,430,3773,30,3356,3536,2,2,2,120,258000
NATOYOLU CAD,1545639,36224,2,12, ,3, , , ,115,GENERAL ZEKI DOGAN, , ,3,2,28,621,362,352,2,1,1,1,2,14,3,1,2345,3623,25,3832,3271,2,2,2,115,256000
ANADOLU CAD, ,36523,9,6, ,3, , , ,85,SAHINTEPE, , ,3,2,125,680,532,528,2,1,1,2,2,14,3,1,663,3563,129,3600,3704,2,2,2,85,83000
560 SOKAK, ,12048,1,19, ,6, , , ,170,GENERAL ZEKI DOGAN, , ,3,2,241,731,327,521,2,1,1,2,1,5,5,2,632,3573,124,3743,3864,2,2,2,170,409000
508, ,36240,1,9, ,3, , , ,115,GENERAL ZEKI DOGAN, , ,3,3,269,944,285,170,2,1,1,1,1,20,4,1,540,3923,50,3088,3141,3,2,2,115,210000
GULISTAN SOKAK,1605198,6547,2,6, ,3, , , ,105,ABIDINPASA, , ,3,5,181,487,230,225,2,1,1,2,2,40,3,1,1192,3009,200,3975,4086,3,2,2,105,170000
800. SOKAK,1745949,39468,1,28, ,7, , , ,300,EGE, , ,3,4,142,432,254,245,2,1,1,1,1,6,5,2,1345,3943,120,3572,3721,7,1,1,300,740000
672. SOKAK,1609042,36523,9,14, ,3, , , ,95,SAHINTEPE, , ,3,8,130,506,507,520,2,1,1,2,2,10,4,1,602,3893,104,3576,3731,1,2,2,95,157000
539. SOKAK, , , ,9, ,3, , , ,110,GENERAL ZEKI DOGAN, , ,3,2,440,945,289,345,2,1,1,2,2,10,3,1,923,3253,341,3472,4082,1,2,2,110,107000
524,1681923,36235,3,10, ,3, , , ,140,GENERAL ZEKI DOGAN, , ,3,2,67,966,589,324,2,1,1,2,1,16,4,1,418,3866,42,3532,3953,2,2,2,140,265000
CAMII SOKAK,1626117,9032,5,7, ,3, , , ,105,SAIME KADIN, , ,3,8,153,68,43,245,2,1,1,2,2,20,3,1,859,3975,151,5321,3753,1,2,2,105,107000
ORTATEPE SOKAK, , , ,14, ,4, , , ,115,SAIME KADIN, , ,3,4, , , , ,2,1,1,2,2,25,4,1,732,3573,32,3521,3332,2,2,2,115,130000
322. SOKAK, , , ,12, ,4, , , ,125,ABIDINPASA, , ,3,3, , , , ,2,1,1,2,2,20,4,1,831,1234,23,5321,4452,3,2,2,125,200000
723. SOKAK,1545238,12097,2,25, ,12, , , ,150,EGE, , ,3,7,353,589,333,242,2,1,1,2,1,1,4,2,1643,2471,21,4189,4423,11,1,1,150,695000
846. SOKAK,36519178,50994,2,24, ,11, , , ,125,CENGIZHAN, , ,3,4,283,1245,83,349,2,1,1,1,2,2,4,1,2623,1767,94,5389,5203,2,1,2,125,215000
846. SOKAK,3651917,50994,1,7, ,3, , , ,130,CENGIZHAN, , ,3,2,278,1254,80,352,2,1,1,1,2,5,4,1,2617,1789,91,5376,5223,2,2,1,130,275000
587. SOKAK,1578999,36952,3,9, ,3, , , ,120,TUZLUCAYIR, , ,3,4,127,400,335,568,2,1,1,2,2,16,4,1,319,4261,291,2731,2589,1,2,2,120,136000
TIP FAK. CAD.,1607290,6650,2,4, ,2, , , ,90,TUZLUCAYIR, , ,3,1,57,309,321,187,2,1,1,1,2,35,4,1,1532,4782,51,2064,2124,2,2,2,90,170000
318. SOKAK,1607280,6649,1,6, ,3, , , ,60,TUZLUCAYIR, , ,3,3,125,389,376,116,2,1,1,2,2,25,3,1,2073,4567,113,2435,2341,1,2,2,60,95000
TIP.FAK. CAD.,1564097,8993,14,6, ,2, , , ,110,TUZLUCAYIR, , ,3,2,61,291,304,246,2,1,1,1,2,3,4,1,1588,5283,29,2043,1554,1,2,2,110,350000
763. CAD,1784187,39460,2,18, ,9, , , ,140,EGE, , ,3,8, , , , ,2,1,1,2,2,7,4,2, , , , , ,8,1,1,140,496000
596. SOKAK,1579014,36955,11,6, ,3, , , ,90,TUZLUCAYIR, , ,3,3,116,716,155,142,2,1,1,2,2,20,4,1,90,4250,175,2971,3196,3,2,2,90,195000
598. SOKAK,1580710,36955,7,7, ,3, , , ,110,TUZLUCAYIR, , ,3,3,167,747,135,190,2,1,1,2,2,25,5,1,133,4238,224,3013,3244,3,2,2,110,190000
SULEYMAN AYTEN CAD,1579136,6725,4,8, ,3, , , ,90,TUZLUCAYIR, , ,3,3,175,103,292,190,2,1,1,1,2,23,4,1,631,4870,96,2405,2693,1,2,2,90,115000
ABIDIN AKTAS SOKAK,1579133,6724,4,9, ,3, , , ,90,TUZLUCAYIR, , ,3,4,80,162,293,256,2,1,1,2,2,25,4,1,565,4798,121,2455,2731,2,2,2,90,190000
ABIDIN AKTAS SOKAK,1579134,6724,6,6, ,3, , , ,90,TUZLUCAYIR, , ,3,3,99,238,299,341,2,1,1,2,2,18,4,1,481,4711,147,2524,2790,2,2,2,90,105000
668,1609042,36523,9,12, ,3, , , ,110,SAHINTEPE, , ,3,5,114,801,501,475,2,1,1,2,2,20,4,1,563,3720,96,3496,3691,3,2,2,110,210000
327,1634143,36843,2,12, ,3, , , ,85,ASIK VEYSEL, , ,3,2,154,543,247,421,2,1,1,2,2,25,4,1,1234,3821,75,3245,3462,1,2,2,85,85000
313,35376550,8992,15,8, ,2, , , ,90,SAIME KADIN, , ,3,2,92,211,162,229,2,1,1,2,2,40,4,1,277,4614,80,2290,2550,1,2,2,90,17000
SULEYMAN AYTEN CAD,1579136,6725,4,12, ,3, , , ,60,TUZLUCAYIR, , ,3,3,101,100,328,206,1,1,1,2,2,15,3,1,616,4842,105,2396,2675,1,2,2,60,95000
522. SOKAK,1636464,36240,14,18, ,6, , , ,220,GENERAL ZEKİ DOĞAN, , ,3,1,470,954,336,1390,2,1,1,2,2,5,4,2,556,3634,48,3121,3255,5,1,2,220,280000
NATOYOLU CAD.,1579000,36953,1,12, ,3, , , ,100,TUZLUCAYIR, , ,3,1,120,434,365,279,2,1,1,1,2,18,4,1,312,4512,74,2672,2905,2,2,2,100,170000
496. SOKAK,35411891,50944,20,14, ,3, , , ,90,GENERAL ZEKI DOGAN, , ,3,4,295,220,285,307,2,1,1,2,2,20,4,1,324,4232,268,2790,2943,2,2,2,90,140000
587,1578998,36952,1,12, ,4, , , ,120,TUZLUCAYIR, , ,3,4,113,285,366,293,2,1,1,1,2,18,4,1,93,4287,285,2660,2915,3,2,2,120,190000
597,1579015,36955,8,23, ,9, , , ,280,TUZLUCAYIR, , ,3,8,219,761,120,242,2,1,1,2,1,8,6,2,187,4210,236,3041,3280,9,1,2,280,395000
848. SOKAK,1541971,36587,6,10, ,3, , , ,120,CENGIZHAN, , ,3,2,132,1433,240,201,2,1,1,2,2,14,4,1,216,1424,104,5284,5334,2,2,2,120,239000
TIP FAKULTESI CAD.,1647056,6651,24,9, ,3, , , ,120,ASIK VEYSEL, , ,3,4,35,299,287,330,2,1,1,1,2,32,4,1,1415,5294,146,1797,2062,1,2,2,120,235000
TIP FAKULTESI CAD.,1651994,6542,9,16, ,4, , , ,90,ABIDINPASA, , ,3,3,14,258,258,329,2,1,1,1,2,13,3,1,430,6260,52,778,1159,2,2,2,90,170000
NATAYOLU CAD,1652221,36952,10,24, ,7, , , ,100,TUZLUCAYIR, , ,3,4,162,482,353,236,2,1,1,1,2,27,4,1,245,2701,190,2701,2931,4,2,2,100,110000
593. SOKAK,1626416,36955,3,16, ,4, , , ,110,TUZLUCAYIR, , ,3,8,108,641,168,150,2,1,1,1,2,4,4,1,120,4320,159,2897,3130,2,2,2,110,275000
642,1825396,"	36522",5,12, ,3, , , ,150,ŞAHİNTEPE, , ,3,3,136,705,540,329,2,1,1,1,2,10,6,2,668,3627,249,3603,3799,3,2,2,150,390000
771,1738612,39462,1,38, ,11, , , ,105,EGE, , ,3,2,148,1129,223,352,2,1,1,1,1,8,4,1,187,1785,47,4917,4979,7,1,1,105,550000
800. CAD,2878826,39468,2,52, ,17, , , ,135,EGE, , ,3,4,109,991,264,705,2,1,1,2,1,3,4,1,443,1416,144,5285,5302,16,1,2,135,510000
859. SOK,1544823,36597,3,14, ,3, , , ,85,CENGIZHAN, , ,3,1,109,991,179,311,2,1,1,2,2,12,3,1,227,1830,147,4910,4987,0,2,2,85,192000
800. CAD,1544302,39469,2,15, ,3, , , ,115,EGE, , ,3,2,157,1186,186,836,2,1,1,2,2,10,4,1,374,1482,113,5247,5253,3,2,2,115,260000
848,1738572,36587,4,32, ,9, , , ,180,CENGIZHAN, , ,3,2,161,1023,203,837,2,1,1,2,2,4,5,2,173,1444,77,5271,5306,9,1,1,180,455000
851,1618121,36599,3,24, ,4, , , ,153,CENGIZHAN, , ,3,2,92,211,162,229, ,1,1,2,2,24,4,1,277,4614,80,2290,2550,2, , ,153,235000
328,1653904,9202,8,14,2,5,2,1758,0.105878317,93,ABIDINPASA,2384,3281,3,7,219,895,184,470,2,1,1,2,1,38,4,2,1410,3835,472,1652,1444,3,2,2,85,235040
329,1665165,9203,17,20,2,6,1,1871,0.104802323,78,ABIDINPASA,2400,3042,3,5,213,577,314,292,2,1,1,2,2,36,4,2,1426,3520,623,1667,1595,3,2,2,66,146900
MEHMET ALI ALTUN,1665364,9201,18,10,1,5,1,1497,1.08275E+13,80,ABIDINPASA,2384,3527,3,7,82,994,428,375,2,1,1,1,1,41,4,2,1410,3909,377,1651,1350,2,2,2,80,158200
329,1665272,9203,25,8,1,5,1,1250,0.111899812,103,ABIDINPASA,2513,3298,3,4,132,766,313,397,2,1,1,2,1,20,4,2,1540,3706,399,1781,1372,2,2,2,82,203400
329,1665260,9203,25,2,1,5,1,1250,0.111899812,80,ABIDINPASA,2513,3298,3,8,132,766,313,397,2,1,1,2,1,20,3,2,1540,3706,399,1781,1372,0,2,2,80,113000
KIRKAGAC,2223164,9202,9,2,2,5,2,1082,0.105722829,100,ABIDINPASA,2354,3311,3,5,202,926,153,500,2,1,1,2,2,35,4,2,1380,3865,502,1621,1475,0,2,2,103,135600
SHT OSMAN,1653348,9198,12,6,1,5,1,1308,0.089747532,107,ABIDINPASA,2101,3237,3,4,386,876,99,567,2,1,1,2,1,32,4,2,1127,3819,608,1368,1626,1,2,2,97,259900
BAGLARBASI,1932267,6559,5,1,2,6,1,1898,0.096392093,103,ABIDINPASA,2294,2950,3,7,527,643,305,567,2,1,1,1,1,37,4,2,1321,3549,574,1562,1753,-2,2,2,99,226000
BAGLARBASI,1670082,6560,14,9,2,7,1,2566,0.089579223,75,ABIDINPASA,2144,3134,3,1,453,826,236,605,2,1,1,1,1,40,3,2,1170,3732,568,1411,1669,-1,2,2,70,180800
OKUL,2222265,6560,12,14,2,5,1,1394,0.079814658,90,ABIDINPASA,2110,3018,3,8,436,827,265,428,2,1,1,2,1,39,4,2,1136,3725,390,1378,1635,3,2,2,84,226000
BAGLARBASI,2240034,9197,2,2,2,5,1,1631,0.096733356,80,ABIDINPASA,2081,3424,3,4,108,1171,393,449,2,1,1,1,2,42,3,2,1107,4077,710,1348,1606,0,2,2,94,214700
BAGLARBASI,1661928,9199,16,14,2,6,1,1690,0.088694621,98,ABIDINPASA,2118,3159,3,8,427,852,210,585,2,1,1,1,2,36,4,2,1144,3758,594,1386,1643,3,2,2,98,226000
BAGLARBASI,1661917,9199,16,3,2,6,1,1690,0.088694621, ,ABIDINPASA,2118,3159,3,7,427,852,210,585,2,1,1,1,2,36,4,2,1144,3758,594,1386,1643,0,2,2,77,169500
SHT OSMAN,1657024,6560,3,11,2,6,1,1683,0.075235529,90,ABIDINPASA,1987,3123,3,7,409,982,212,454,2,1,1,2,2,34,4,2,1014,3888,495,1255,1512,2,2,2,76,203400
BAĞLARBAŞI,1654254,6562,12,9,2,8,1,1403,0.093597685,90,ABIDINPASA,2125,3261,3,5,292,987,217,555,2,1,1,1,1,40,4,2,1151,3893,632,1392,1650,1,2,2,80,226000
BAĞLARBAŞI,1672155,9198,7,10,2,5,1,1334,0.097809896,101,ABIDINPASA,2154,3290,3,8,262,1017,246,526,2,1,1,1,1,29,4,2,1181,3923,662,1422,1679,3,2,2,93,248600
GULISTAN,1657330,6553,3,4,2,6,1,1356,0.090381597,60,ABIDINPASA,2050,3304,3,4,246,1147,376,311,2,1,1,2,2,43,3,2,1076,4053,676,1317,1575,0,2,2,70,124300
GULISTAN,1670527,6562,9,6,1,5,1,900,0.082485203, ,ABIDINPASA,2039,3175,3,8,357,1018,247,439,2,1,1,2,1,42,3,2,1066,3924,547,1307,1564,2,2,2,91,271200
GULISTAN,2240065,6553,4,3,1,6,1,1882,0.089623862,90,ABIDINPASA,2028,3326,3,6,268,1169,399,288,2,1,1,2,1,25,3,2,1054,4075,698,1295,1552,-1,2,2,83,153680
GULISTAN,1654916,6553,4,10,1,6,1,1882,0.089623862, ,ABIDINPASA,2028,3326,3,8,268,1169,399,288,2,1,1,2,1,25,4,2,1054,4075,698,1295,1552,1,2,2,96,259900
OKUL,1663869,6556,12,2,2,5,1,1155,0.065366957,77,ABIDINPASA,1994,2902,3,7,320,943,149,312,2,1,1,2,2,38,4,2,1020,3841,274,1262,1519,0,2,2,76,146900
BALABAN,1661320,6561,1,14,2,6,2,1212,0.087020641,63,ABIDINPASA,2044,3252,3,7,322,1094,324,363,2,1,1,2,1,42,3,2,1070,4000,623,1312,1569,3,2,2,63,135600
BALABAN,2223573,6553,19,12,2,5,1,2280,0.085166866,110,ABIDINPASA,2022,3250,3,8,345,1117,347,340,2,1,1,2,1,5.333333333,4,2,1048,4023,621,1289,1546,1,2,2,109,248600
BALABAN,1666377,6553,19,19,2,5,1,2280,0.085166866, ,ABIDINPASA,2022,3250,3,5,345,1117,347,340,2,1,1,2,1,8.666666667,4,2,1048,4023,621,1289,1546,3,2,2,112,248600
GUZELIS,1666093,6554,18,20,2,5,1,2310,0.078298816, ,ABIDINPASA,2004,3140,3,5,451,1090,347,356,2,1,1,2,2,32,4,2,1030,3988,511,1271,1529,3,2,2,98,259900
GUZELIS,1666091,6554,18,18,2,5,1,2310,0.078298816,102,ABIDINPASA,2004,3140,3,4,451,1090,347,356,2,1,1,2,2,32,4,2,1030,3988,511,1271,1529,3,2,2,98,237300
GUZELIS,1655871,6561,4,4,1,5,1,1438,0.080414897,105,ABIDINPASA,2012,3165,3,4,430,1115,373,331,2,1,1,2,1,37,4,2,1039,4013,536,1280,1537,1,2,2,99,207920
GUZELIS,1659586,6554,1,15,2,5,2,1812,0.080042277,98,ABIDINPASA,2002,3175,3,7,419,1126,383,321,2,1,1,2,1,40,4,2,1028,4023,547,1269,1527,3,2,2,89,305100
GUZELIS,1659576,6554,1,5,2,5,2,1812,0.080042277, ,ABIDINPASA,2002,3175,3,5,419,1126,383,321,2,1,1,2,1,40,2,2,1028,4023,547,1269,1527,0,2,2,64,146900
KAYALAR,2223174,6554,7,1,2,5,1,1355,0.064462501,78,ABIDINPASA,1897,3033,3,5,344,1167,279,304,2,1,1,2,1,22,4,2,923,4037,404,1164,1422,0,2,2,79,158200
BALABAN,1655281,6553,14,3,2,5,1,1240,0.074104458,76,ABIDINPASA,1930,3169,3,8,358,1197,415,249,2,1,1,2,1,41,3,2,957,4095,540,1198,1455,0,2,2,71,164980
KAYNARCA,1660505,6555,7,6,2,6,2,1295,0.04929171,104,ABIDINPASA,1808,2897,3,7,255,1079,144,275,2,1,1,2,1,33,4,2,834,3901,269,1075,1333,1,2,2,94,203400
KAYALAR,1661512,6546,29,21,1,6,1,2435,0.073501582, ,ABIDINPASA,1867,3248,1,4,196,1359,495,157,2,1,1,2,1,22,5,2,893,4253,620,1134,1392,3,2,2,108.3,339000
KAYALAR,1661897,6546,29,12,1,6,1,2435,0.073501582,97,ABIDINPASA,1867,3248,3,7,196,1359,495,157,2,1,1,2,1,22,4,2,893,4253,620,1134,1392,1,2,2,87,282500
KAYALAR,1659916,6553,12,2,2,5,1,800,0.072693601,82,ABIDINPASA,1907,3168,3,7,277,1278,415,168,2,1,1,2,1,40,3,2,933,4172,540,1175,1432,0,2,2,90,158200
KAYNARCA,1657800,6547,12,1,2,5,1,1498,0.054092461,53,ABIDINPASA,1801,2997,3,8,308,1179,244,175,2,1,1,2,2,43,3,1,827,4001,369,1068,1326,0,2,2,56,113000
GULISTAN,44860508,6549,3,4,2,6,1,1518,0.064292675,103,ABIDINPASA,1793,3182,3,8,300,1393,473,54,2,1,1,2,1,2,4,2,819,4231,574,1061,1318,0,1,2,92,305100
SHT.HAKKI CELIK,1670473,6543,1,2,2,6,2,1732,0.036632397,58,ABIDINPASA,1665,2885,3,8,112,1215,131,301,2,1,1,2,1,40,4,2,691,3951,258,932,1190,-1,2,2,60,124300
GULISTAN,1655032,6546,22,12,2,5,1,1078,0.057813051,79,ABIDINPASA,1748,3136,3,7,274,1363,427,8,2,1,1,2,2,39,4,2,774,4185,528,1015,1272,3,2,2,75,158200
CATAK,8064970,37075,38,6,2,8,1,2975,0.664604603, ,BOSTANCIK,6436,4865,3,2,61,2264,1279,525,2,1,1,1,1,5,5,2,6922,7203,4223,6927,6908,-1,2,2,78,124300
OZAN REHBERI CAD,80035325,37996,1,9,1,5,1,2094,0.307329843,87,CENGIZHAN,5926,3664,3,4,177,1273,234,144,2,1,1,1,1,3,3,2,4231,555,302,5193,4222,2,2,2,74,174020
868.SOKAK,43167706,37996,4,17,2,6,2,2147,0.314878794, ,CENGIZHAN,5980,3719,3,8,303,1399,270,270,2,2,1,2,1,2,4,2,4195,573,428,5248,4348,1,2,2,95,271200
868.SOKAK,43167715,37996,4,26,2,6,2,2147,0.314878794,114,CENGIZHAN,5980,3719,3,7,303,1399,270,270,2,2,1,2,1,2,4,2,4195,573,428,5248,4348,2,2,2,99,237300
868 SOKAK,42307844,37997,4,13,2,6,2,1882,0.315500854, ,CENGIZHAN,6002,3722,3,8,369,1471,223,342,2,1,1,2,1,2,4,2,4122,532,500,5269,4420,1,2,2,105,192100
868 SOKAK,42307843,37997,4,12,2,6,2,1882,0.315500854,116,CENGIZHAN,6002,3722,3,8,369,1471,223,342,2,1,1,2,1,2,4,2,4122,532,500,5269,4420,1,2,2,110,259900
868 SOKAK,42307847,37997,4,16,2,6,2,1882,0.315500854, ,CENGIZHAN,6002,3722,3,7,369,1471,223,342,2,1,1,2,1,2,3,2,4122,532,500,5269,4420,2,2,2,105,214700
859.sokak,32025250,37997,3,23,2,7,1,1929,0.31337265,103,CENGIZHAN,5970,3690,3,8,337,1503,255,375,2,1,1,2,1,5,4,2,4090,500,532,5237,4453,2,2,2,93,248600
859.sokak,32025246,37997,3,19,2,7,1,1929,0.31337265, ,CENGIZHAN,5970,3690,3,8,337,1503,255,375,2,1,1,2,1,5,4,2,4090,500,532,5237,4453,1,2,2,94,203400
859,44459655,38009,1,13,2,6,2,1764,0.315930561,101,CENGIZHAN,6003,3705,3,8,370,1511,292,411,2,1,1,2,1,2,4,2,4072,533,569,5271,4489,1,2,2,97,271200
859,44459661,38009,1,19,2,6,2,1764,0.315930561, ,CENGIZHAN,6003,3705,3,8,370,1511,292,411,2,1,1,2,1,2,4,2,4072,533,569,5271,4489,3,2,2,100,185320
859,44459651,38009,1,9,2,6,2,1764,0.315930561, ,CENGIZHAN,6003,3705,3,8,370,1511,292,411,2,1,1,2,1,2,4,2,4072,533,569,5271,4489,1,2,2,100,226000
859,44459646,38009,1,3,2,6,2,1764,0.315930561, ,CENGIZHAN,6003,3705,3,8,370,1511,292,411,2,1,1,2,1,2,4,2,4072,533,569,5271,4489,-1,2,2,73,135600
859,44459644,38009,1,1,2,6,2,1764,0.315930561,50,CENGIZHAN,6003,3705,3,8,370,1511,292,411,2,1,1,2,1,2,3,1,4072,533,569,5271,4489,-1,2,2,52,101700
860,42310937,38009,2,6,2,6,2,1794,0.318470178, ,CENGIZHAN,6045,3746,3,8,387,1469,334,453,2,1,1,2,1,1,4,2,4034,575,611,5313,4531,0,2,2,87,180800
860,42310942,38009,2,11,2,6,2,1794,0.318470178, ,CENGIZHAN,6045,3746,3,8,387,1469,334,453,2,1,1,2,1,1,4,2,4034,575,611,5313,4531,1,2,2,83,135600
SEHITLER CAD,41829099,36559,5,12,2,5,1,1241,0.364546445, ,CENGIZHAN,6683,4357,1,7,43,998,481,187,2,1,1,1,1,3,4,2,4087,1213,325,5951,5243,3,2,2,124.3,305100
839. SOKAK,18573178,36564,1,15,1,7,2,1368,0.376012511, ,CENGIZHAN,6753,4426,3,2,103,1105,639,225,2,1,1,2,1,7,4,1,4194,1282,483,6020,5086,2,2,2,100,192100
839. SOKAK,18573170,36564,1,7,1,7,2,1368,0.376012511,90,CENGIZHAN,6753,4426,3,2,103,1105,639,225,2,1,1,2,1,7,4,1,4194,1282,483,6020,5086,0,2,2,91,180800
839.SOKAK,43762303,36559,9,13,1,5,1,1224,0.363142573,98,CENGIZHAN,6636,4310,3,7,168,1169,527,153,2,1,1,2,1,4,3,1,4157,1166,371,5904,5102,3,2,2,90,248600
843.sok,37960573,36566,4,10,1,7,2,1258,0.388269265, ,CENGIZHAN,6834,4507,3,8,185,1186,720,273,2,1,1,2,1,5,4,2,4275,1363,564,6101,5219,0,2,2,79,192100
839.sokak aslan apt no:24,38628122,36564,2,5,1,7,2,1354,0.388553505, ,CENGIZHAN,6836,4509,3,8,186,1188,722,275,1,1,1,2,1,2,3,1,4277,1365,566,6103,5221,-1,1,2,80,101700
839.sokak aslan apt no:24,38628134,36564,2,17,1,7,2,1354,0.388553505,93,CENGIZHAN,6836,4509,3,7,186,1188,722,275,2,1,1,2,1,2,4,1,4277,1365,566,6103,5221,2,1,2,90,203400
842.SOKAK,42312160,36566,9,10,1,6,2,1285,0.386764658,102,CENGIZHAN,6794,4467,3,7,252,1253,772,165,2,1,1,2,1,4,4,2,4343,1324,615,6061,5025,1,2,2,89,214700
842.SOKAK,42312153,36566,9,3,1,6,2,1285,0.386764658, ,CENGIZHAN,6794,4467,3,8,252,1253,772,165,2,1,1,2,1,4,4,2,4343,1324,615,6061,5025,-1,2,2,90,169500
839,38211402,36566,6,17,1,8,2,1234,0.396397042,103,CENGIZHAN,6899,4573,3,7,265,1266,801,189,2,1,1,2,1,5,4,2,4356,1429,644,6167,5131,2,2,2,91,259900
849.SOKAK,26120230,36588,7,1,2,6,2,1700,0.373230061,80,CENGIZHAN,6630,4369,3,1,120,1640,679,336,2,1,1,2,1,5,3,2,4591,1359,267,5898,4562,0,2,2,71,180800
843.sok nazar apt no 10,78061529,36566,3,14,2,6,1,1210,0.391979653, ,CENGIZHAN,6830,4504,3,7,289,1290,808,201,2,1,1,2,1,1,4,2,4379,1360,652,6098,5062,2,1,2,92,226000
850.SOKAK,52915633,36591,4,26,1,6,1,2255,0.35933132,123,CENGIZHAN,6558,4231,3,8,108,1397,556,343,2,2,1,2,1,1,4,2,4267,1088,463,5825,4773,3,1,2,113,271200
850.SOKAK,52915631,36591,4,24,1,6,1,2255,0.35933132, ,CENGIZHAN,6558,4231,3,1,108,1397,556,343,2,2,1,2,1,1,4,2,4267,1088,463,5825,4773,2,1,2,118,248600
850.SOKAK,52915619,36591,4,12,1,6,1,2255,0.35933132,123,CENGIZHAN,6558,4231,3,1,108,1397,556,343,2,2,1,2,1,1,4,2,4267,1088,463,5825,4773,0,1,2,111,214700
850.SOKAK,52915611,36591,4,4,1,6,1,2255,0.35933132, ,CENGIZHAN,6558,4231,3,1,108,1397,556,343,2,2,1,2,1,1,2,2,4267,1088,463,5825,4773,-2,1,2,65,135600
839,54787359,50998,5,5,1,10,1,2375,0.414322168, ,CENGIZHAN,7065,4738,3,5,71,1372,907,83,2,2,1,1,1,3,4,2,4462,1594,750,6332,5182,-1,1,2,80,226000
839,54787357,50998,5,3,1,10,1,2375,0.414322168,132,CENGIZHAN,7065,4738,3,4,71,1372,907,83,2,2,1,1,1,3,4,2,4462,1594,750,6332,5182,-2,1,2,149,248600
848,44135726,36593,5,10,2,6,2,2070,0.377363452,98,CENGIZHAN,6741,4427,3,1,276,1501,642,180,2,2,1,2,1,2,4,2,4474,1284,387,6009,4718,0,2,2,95,167240
842 1 sokak no 5,78251310,36567,4,9,1,7,1,2257,0.39576619, ,CENGIZHAN,6843,4516,3,7,284,1378,896,126,2,2,1,2,1,2,4,2,4467,1372,687,6110,4990,0,1,2,87,158200
842 1 sokak no 5,78251306,36567,4,5,1,7,1,2257,0.39576619, ,CENGIZHAN,6843,4516,3,3,284,1378,896,126,2,2,1,2,1,2,4,2,4467,1372,687,6110,4990,-1,1,2,84,203400
827,53699305,50998,1,39,1,11,2,2844,0.406214643, ,CENGIZHAN,6946,4620,1,6,251,1387,921,259,2,2,1,2,1,3,5,2,4476,1476,765,6214,5058,7,1,1,148.6,406800
SEHITLER CADDESI,25842250,36571,3,6,1,7,2,1525,0.422090886,106,CENGIZHAN,7156,4830,3,8,38,1393,954,131,2,1,1,1,1,1,4,2,4482,1632,798,6424,5179,1,2,2,99,248600
831,54456536,50998,6,21,1,12,2,3213,0.422544746,118,CENGIZHAN,7160,4834,3,8,42,1397,958,135,2,2,1,2,1,4,4,2,4486,1636,802,6428,5175,5,1,2,112,390980
831,54456538,50998,6,23,1,12,2,3213,0.422544746, ,CENGIZHAN,7160,4834,3,5,42,1397,958,135,2,2,1,2,1,4,4,2,4486,1636,802,6428,5175,5,1,2,112,395500
831,54456534,50998,6,19,1,12,2,3213,0.422544746,124,CENGIZHAN,7160,4834,3,5,42,1397,958,135,2,2,1,2,1,4,4,2,4486,1636,802,6428,5175,4,1,2,112,361600
831,54456518,50998,6,3,1,12,2,3213,0.422544746,103,CENGIZHAN,7160,4834,3,5,42,1397,958,135,2,2,1,2,1,4,4,2,4486,1636,802,6428,5175,-2,1,2,102,237300
848.SOKAK,37284601,36593,4,25,2,7,2,1846,0.381215994,105,CENGIZHAN,6769,4454,3,2,303,1474,669,153,2,1,1,2,1,3,4,2,4501,1311,414,6036,4745,3,2,2,95,237300
848.SOKAK,37284603,36593,4,27,2,7,2,1846,0.381215994, ,CENGIZHAN,6769,4454,3,1,303,1474,669,153,2,1,1,2,1,3,4,2,4501,1311,414,6036,4745,3,2,2,106,305100
848.SOKAK,37284584,36593,4,8,2,7,2,1846,0.381215994,95,CENGIZHAN,6769,4454,3,1,303,1474,669,153,2,1,1,2,1,3,4,2,4501,1311,414,6036,4745,-1,2,2,99,169500
848,51739335,50994,6,36,1,12,2,3347,0.389336599, ,CENGIZHAN,6764,4503,3,7,197,1630,813,309,2,2,1,2,1,1,4,2,4689,1493,401,6032,4598,6,1,2,117,474600
848,51739327,50994,6,28,1,12,2,3347,0.389336599,130,CENGIZHAN,6764,4503,3,7,197,1630,813,309,2,2,1,2,1,1,4,2,4689,1493,401,6032,4598,4,1,2,117,395500
848,51739337,50994,6,38,1,12,2,3347,0.389336599,133,CENGIZHAN,6764,4503,3,4,197,1630,813,309,2,2,1,2,1,1,4,2,4689,1493,401,6032,4598,7,1,2,119,452000
848,54115391,50995,8,20,1,6,1,3206,0.391520589,105,CENGIZHAN,6775,4513,3,8,117,1710,823,381,2,1,1,2,1,1,4,2,4769,1503,371,6042,4518,3,2,2,94,282500
850.SOKAK,33740753,36588,2,24,2,5,1,1924,0.383843604,113,CENGIZHAN,6786,4485,3,1,276,1472,700,151,2,1,1,2,1,4,4,2,4532,1341,423,6054,4718,3,2,2,97,271200
827,52154902,50998,7,29,1,9,2,2709,0.425776293,135,CENGIZHAN,7167,4840,3,4,97,1452,1014,190,2,1,1,2,1,3,4,2,4542,1639,857,6434,5120,5,1,2,115,361600
848,52154078,50995,1,10,2,11,2,1968,0.393285371, ,CENGIZHAN,6806,4544,3,8,148,1679,854,358,2,2,1,2,1,1,4,2,4738,1534,402,6073,4549,1,1,2,110,339000
848,52154074,50995,1,6,2,11,2,1968,0.393285371, ,CENGIZHAN,6806,4544,3,7,148,1679,854,358,2,2,1,2,1,1,4,2,4738,1534,402,6073,4549,-1,1,2,88,146900
827,79165554,50998,9,6,1,10,1,2934,0.41932529, ,CENGIZHAN,7076,4750,3,4,179,1460,995,191,2,1,1,2,1,1,4,2,4550,1606,838,6344,5074,0,1,2,86,361600
827,79165569,50998,9,21,1,10,1,2934,0.41932529,132,CENGIZHAN,7076,4750,3,4,179,1460,995,191,2,1,1,2,1,1,4,2,4550,1606,838,6344,5074,4,1,2,112,339000
827,79165570,50998,9,22,1,10,1,2934,0.41932529, ,CENGIZHAN,7076,4750,3,4,179,1460,995,191,2,1,1,2,1,1,4,2,4550,1606,838,6344,5074,4,1,2,110,339000
827,79165550,50998,9,2,1,10,1,2934,0.41932529,76,CENGIZHAN,7076,4750,3,4,179,1460,995,191,2,1,1,2,1,1,2,2,4550,1606,838,6344,5074,-1,1,2,84,146900
827,79165576,50998,9,28,1,10,1,2934,0.41932529, ,CENGIZHAN,7076,4750,3,8,179,1460,995,191,2,1,1,2,1,1,4,2,4550,1606,838,6344,5074,5,1,2,116,259900
836.SOKAK,53323939,36580,1,9,2,5,2,1139,0.406522356,107,CENGIZHAN,6932,4605,3,1,363,1466,984,215,2,1,1,2,1,2,4,2,4555,1462,777,6199,4946,2,1,2,106,216960
834.SOKAK(A) (P),37912203,36580,3,3,1,6,2,1372,0.414700839,108,CENGIZHAN,7018,4692,3,1,257,1478,996,295,2,1,1,2,1,5,3,2,4567,1548,840,6286,4971,-1,2,2,105,282500
846.CADDE,77871843,36585,2,4,1,5,1,1515,0.403474584, ,CENGIZHAN,6921,4594,3,1,235,1481,973,150,2,1,1,1,1,2,5,2,4570,1450,718,6188,4876,1,1,2,97,271200
 ,79510011,36572,3,11,2,7,1,1603,0.439305174,123,CENGIZHAN,7315,4988,3,7,43,1489,1113,289,2,2,1,1,1,1,4,2,4578,1417,957,6582,5281,2,1,2,112,282500
 ,79510012,36572,3,12,2,7,1,1603,0.439305174, ,CENGIZHAN,7315,4988,3,4,43,1489,1113,289,2,2,1,1,1,1,4,2,4578,1417,957,6582,5281,2,1,2,113,282500
827SOKAK,54694333,36579,2,5,2,5,1,1507,0.417791248, ,CENGIZHAN,7036,4709,3,1,220,1495,1014,232,2,1,1,2,1,1,4,2,4584,1565,857,6303,5034,1,1,2,103,327700
827SOKAK,54694329,36579,2,1,2,5,1,1507,0.417791248,93,CENGIZHAN,7036,4709,3,1,220,1495,1014,232,2,1,1,2,1,1,4,2,4584,1565,857,6303,5034,0,1,2,42,169500
834.SOKAK (P) (A),52029515,36580,4,15,2,5,1,1676,0.417250388,122,CENGIZHAN,7045,4718,3,1,231,1504,1023,321,2,1,1,2,1,2,4,2,4593,1574,849,6312,4944,3,1,2,117,289280
837.SOKAK,13781461,36585,3,5,1,6,1,1403,0.406538139,95,CENGIZHAN,6948,4621,3,1,262,1508,1000,177,2,1,1,1,1,8,4,2,4597,1477,745,6215,4849,2,2,2,87,203400
846 A,48898386,50994,5,27,2,10,2,3708,0.404321281,150,CENGIZHAN,6949,4622,3,8,46,1509,1001,178,2,2,1,2,1,2,4,2,4598,1479,687,6216,4782,6,1,2,131,327700
832.SOKAK,54087152,36579,3,6,1,6,2,1966,0.421849148,105,CENGIZHAN,7067,4740,3,1,197,1509,1044,240,2,2,1,2,1,3,4,2,4599,1597,887,6334,5065,0,1,2,97,226000
832.SOKAK,54087129,36579,3,4,1,6,2,1966,0.421849148, ,CENGIZHAN,7067,4740,3,8,197,1509,1044,240,2,2,1,2,1,3,3,2,4599,1597,887,6334,5065,-1,1,2,88,158200
832.SOKAK,54087146,36579,3,22,1,6,2,1966,0.421849148,126,CENGIZHAN,7067,4740,3,1,197,1509,1044,240,2,2,1,2,1,3,4,2,4599,1597,887,6334,5065,3,1,2,114,255380
846.CADDE,25773361,36585,4,5,2,5,1,1813,0.404519965,119,CENGIZHAN,6952,4625,3,1,43,1512,1004,181,2,1,1,1,1,4,4,2,4601,1482,684,6219,4779,2,2,2,112,323180
846.CADDE,25773367,36585,4,11,2,5,1,1813,0.404519965, ,CENGIZHAN,6952,4625,3,1,43,1512,1004,181,2,1,1,1,1,4,4,2,4601,1482,684,6219,4779,3,2,2,112,316400
827,77468333,50998,8,28,1,9,1,2827,0.424006648, ,CENGIZHAN,7085,4758,3,4,179,1527,1061,258,2,1,1,2,1,3,4,2,4616,1614,905,6352,5057,6,1,2,104,361600
827,77468308,50998,8,4,1,9,1,2827,0.424006648, ,CENGIZHAN,7085,4758,3,4,179,1527,1061,258,2,1,1,2,1,3,4,2,4616,1614,905,6352,5057,0,1,2,105,195490
834.SOKAK,77623780,36580,5,5,1,5,1,1573,0.418839268,101,CENGIZHAN,7068,4742,3,1,207,1528,1046,345,2,1,1,2,1,3,4,2,4617,1598,826,6336,4921,0,1,2,100,259900
834.SOKAK,77623794,36580,5,19,1,5,1,1573,0.418839268, ,CENGIZHAN,7068,4742,3,1,207,1528,1046,345,2,1,1,2,1,3,4,2,4617,1598,826,6336,4921,3,1,2,115,293800
 ,58643674,36572,5,14,1,7,1,1192,0.445513697, ,CENGIZHAN,7379,5053,1,8,2,1554,1178,354,2,1,1,1,1,1.25,5,2,4643,1352,1021,6647,5217,3,1,2,141.2,485900
 ,58643663,36572,5,3,1,7,1,1192,0.445513697, ,CENGIZHAN,7379,5053,3,7,2,1554,1178,354,2,1,1,1,1,1.5,2,1,4643,1352,1021,6647,5217,-1,1,2,65,101700
 ,58643672,36572,5,12,1,7,1,1192,0.445513697,115,CENGIZHAN,7379,5053,3,1,2,1554,1178,354,2,1,1,1,1,1.75,4,2,4643,1352,1021,6647,5217,2,1,2,112,271200
832,55018045,36577,1,23,1,6,2,1745,0.427982209, ,CENGIZHAN,7128,4801,3,8,204,1559,1105,297,2,2,1,2,1,3,3,1,4648,1658,919,6395,5013,3,1,2,112,282500
832,55018041,36577,1,19,1,6,2,1745,0.427982209,119,CENGIZHAN,7128,4801,3,1,204,1559,1105,297,2,2,1,2,1,3,3,1,4648,1658,919,6395,5013,3,1,2,99,214700
834.SOKAK,32633827,36580,7,21,2,6,2,1680,0.422283715,105,CENGIZHAN,7121,4794,3,5,155,1580,1099,397,2,1,1,2,1,4,4,2,4669,1650,773,6388,4868,3,2,2,103,271200
827.SOKAK,7200589,36572,9,9,2,5,1,1661,0.442875325,101,CENGIZHAN,7305,4978,3,5,194,1599,1181,357,2,1,2,2,1,4,4,2,4688,1447,1025,6572,5176,2,2,2,92,180800
835.SOKAK,36220602,36581,2,2,2,7,2,1485,0.424421813,102,CENGIZHAN,7141,4827,3,1,155,1624,1142,403,2,1,1,2,1,4,3,2,4713,1684,737,6409,4832,-1,1,2,102,203400
SULTAN FATIH CADDESI,23039161,36573,7,1,2,6,2,1291,0.44603248, ,CENGIZHAN,7343,5016,3,1,156,1637,1219,395,2,1,1,1,1,5,4,2,4726,1410,1043,6610,5138,1,2,2,95,339000
SULTAN FATIH CADDESI,23039170,36573,7,10,2,6,2,1291,0.44603248, ,CENGIZHAN,7343,5016,3,1,156,1637,1219,395,2,1,1,1,1,5,4,2,4726,1410,1043,6610,5138,3,2,2,95,293800
SULTAN FATIH CADDESI,41102223,36577,8,6,1,6,2,2344,0.437220453, ,CENGIZHAN,7273,4974,3,1,38,1639,1201,377,2,2,1,1,1,4,4,2,4728,1553,869,6540,4964,1,2,2,106,395500
SULTAN FATIH CADDESI,41102220,36577,8,3,1,6,2,2344,0.437220453,90,CENGIZHAN,7273,4974,3,1,38,1639,1201,377,2,2,1,1,1,4,3,1,4728,1553,869,6540,4964,-1,2,2,88,160460
833. SOKAK,9429892,36579,5,21,1,7,2,2030,0.431768639,118,CENGIZHAN,7179,4853,3,1,198,1639,1157,389,2,1,1,2,1,6,4,2,4728,1709,862,6447,4957,2,2,2,109,203400
833. SOKAK,9429875,36579,5,4,1,7,2,2030,0.431768639, ,CENGIZHAN,7179,4853,3,1,198,1639,1157,389,2,1,1,2,1,6,3,2,4728,1709,862,6447,4957,-1,2,2,98,203400
833. SOKAK,9429890,36579,5,19,1,7,2,2030,0.431768639, ,CENGIZHAN,7179,4853,3,1,198,1639,1157,389,2,1,1,2,1,6,4,2,4728,1709,862,6447,4957,2,2,2,107,248600
834.SOKAK,53417565,36581,3,2,2,5,1,1056,0.423743394,79,CENGIZHAN,7110,4848,3,1,88,1647,1158,464,2,1,1,2,1,1,4,2,4736,1684,706,6378,4801,-1,1,2,80,158200
834.SOKAK,78605256,36581,4,11,1,6,1,879,0.422551526,133,CENGIZHAN,7089,4827,1,1,67,1668,1137,485,2,1,1,2,1,2,5,2,4758,1663,685,6356,4780,3,1,2,109.5,248600
834.SOKAK,78605249,36581,4,4,1,6,1,879,0.422551526,130,CENGIZHAN,7089,4827,3,1,67,1668,1137,485,2,1,1,2,1,2,4,2,4758,1663,685,6356,4780,1,1,2,120,214700
SULTAN FATIH CADDESI,37405287,36573,9,25,2,6,1,2497,0.443959564, ,CENGIZHAN,7307,5045,3,1,45,1723,1284,461,2,2,1,1,1,3,4,2,4812,1470,903,6574,4998,3,2,2,101,293800
SULTAN FATIH CADDESI,37405263,36573,9,1,2,6,1,2497,0.443959564,60,CENGIZHAN,7307,5045,3,1,45,1723,1284,461,2,2,1,1,1,3,3,2,4812,1470,903,6574,4998,-2,2,2,62,135600
NATOYOLU CADDESI,26130617,36576,7,3,2,11,2,3408,0.435000772,113,CENGIZHAN,7138,4877,3,1,313,1945,1187,615,2,1,1,1,1,4,4,2,5035,1344,735,6406,4830,1,1,2,103,327700
285,65665038,39764,5,10,1,7,2,2508,0.109472496,108,CAGLAYAN,3414,1094,3,3,600,890,669,233,2,1,1,2,1,3,4,2,2796,2645,596,3038,3295,1,1,2,99,259900
285,65665035,39764,5,7,1,7,2,2508,0.109472496, ,CAGLAYAN,3414,1094,3,3,600,890,669,233,2,1,1,2,1,3,4,2,2796,2645,596,3038,3295,0,1,2,99,248600
286,53695011,39766,9,8,1,8,2,2270,0.121479385,67,CAGLAYAN,3567,1055,3,6,665,670,450,325,2,1,1,2,1,3,3,1,2950,2484,689,3191,3449,-1,1,2,66,169500
286,53695014,39766,9,11,1,8,2,2270,0.121479385,72,CAGLAYAN,3567,1055,3,6,665,670,450,325,2,1,1,2,1,3,3,1,2950,2484,689,3191,3449,0,1,2,71,158200
286,54126572,36937,3,12,1,6,2,2862,0.120412531,97,CAGLAYAN,3538,1084,3,6,651,700,479,325,2,1,1,2,1,4,4,1,2921,2506,689,3162,3419,2,1,2,93,216960
286,54126567,36937,3,6,1,6,2,2862,0.120412531,81,CAGLAYAN,3538,1084,3,6,651,700,479,325,2,1,1,2,1,4,4,1,2921,2506,689,3162,3419,-1,1,2,77,169500
286,54126571,36937,3,10,1,6,2,2862,0.120412531,91,CAGLAYAN,3538,1084,3,3,651,700,479,325,2,1,1,2,1,4,4,1,2921,2506,689,3162,3419,0,1,2,85,171760
297,1728886,6716,16,1,1,6,1,1631,0.113095729,82,CAGLAYAN,3527,1414,3,2,622,647,535,553,2,1,1,2,1,15,4,2,2650,2463,441,2891,3148,-2,2,2,81,146900
NESET ERTAS,18524389,37017,13,16,1,6,2,1785,0.301110045,82,FAHRI KORUTURK,5892,3630,3,7,144,1239,228,111,2,1,1,1,1,5,3,2,4173,491,268,5159,4189,3,2,2,70,180800
NESET ERTAS,49523377,37017,4,4,2,5,1,1025,0.296233257,106,FAHRI KORUTURK,5820,3558,3,7,223,1318,301,190,2,1,1,1,1,2,4,2,4094,412,347,5087,4267,1,1,2,91,210180
NATO YOLU CADDESİ,5531635,36629,1,8,1,6,2,2123,0.321445858, ,FAHRI KORUTURK,6023,3762,3,5,254,1350,157,185,2,1,1,1,1,8,4,2,4366,684,349,5291,4299,2,1,2,100,316400
NATO YOLU CADDESİ,5531634,36629,1,7,1,6,2,2123,0.321445858,127,FAHRI KORUTURK,6023,3762,3,8,254,1350,157,185,2,1,1,1,1,8,4,2,4366,684,349,5291,4299,2,1,2,116,284760
NATOYOLU,1879342,36629,7,13,2,5,1,1674,0.324700625,138,FAHRI KORUTURK,6038,3776,1,8,172,1364,196,200,2,1,1,1,1,4,5,2,4448,766,267,5305,4313,3,2,2,150.4,316400
866,1859077,36629,6,21,2,6,2,2739,0.331908968, ,FAHRİ KORUTÜRK,6126,3864,1,7,150,1452,108,288,2,1,1,1,1,6,5,2,4449,823,245,5393,4401,3,2,2,132.6,395500
871,37630156,36639,7,23,2,7,2,1902,0.314262917,120,FAHRI KORUTURK,5997,3670,3,5,391,1521,313,432,2,1,1,2,1,4,3,2,4038,527,590,5264,4510,2,2,2,112,237300
866,1850841,36628,2,2,2,5,1,1486,0.337957334, ,FAHRI KORUTURK,6231,3970,3,8,281,1579,146,419,2,1,1,2,1,7,4,2,4318,841,376,5499,4528,0,2,2,82,180800
866,1850849,36628,2,10,2,5,1,1486,0.337957334,103,FAHRI KORUTURK,6231,3970,3,4,281,1579,146,419,2,1,1,2,1,7,4,2,4318,841,376,5499,4528,2,2,2,95,237300
874,3472904,37019,8,11,1,5,1,1233,0.279836638,90,FAHRI KORUTURK,5556,3295,3,6,145,1510,266,406,2,1,1,2,2,9,4,2,3989,196,496,4824,4342,2,2,2,79,192100
OZANREHBERI CAD,32633258,38001,3,5,2,8,1,1515,0.307116832, ,FAHRI KORUTURK,5860,3585,3,2,226,1589,515,460,2,1,1,1,1,2,4,2,4071,389,617,5127,4538,-2,2,2,85,158200
OZANREHBERI CAD,32633276,38001,3,23,2,8,1,1515,0.307116832,95,FAHRI KORUTURK,5860,3585,3,1,226,1589,515,460,2,1,1,1,1,2,4,2,4071,389,617,5127,4538,2,2,2,85,226000
874,78719295,37020,8,8,1,7,1,747,0.276439704,120,FAHRI KORUTURK,5524,3262,3,6,177,1543,233,439,2,1,1,2,1,2,4,2,4022,163,463,4791,4309,2,1,2,97,271200
874,78719299,37020,8,12,1,7,1,747,0.276439704,130,FAHRI KORUTURK,5524,3262,1,3,177,1543,233,439,2,1,1,2,1,2,5,2,4022,163,463,4791,4309,3,1,2,108.9,259900
871,21072226,36639,9,14,1,5,1,1555,0.309537583, ,FAHRI KORUTURK,5934,3608,3,7,377,1458,375,495,2,1,1,2,2,7,4,2,3975,464,628,5202,4573,3,2,2,109,226000
871,21072221,36639,9,9,1,5,1,1555,0.309537583, ,FAHRI KORUTURK,5934,3608,3,5,377,1458,375,495,2,1,1,2,2,7,4,2,3975,464,628,5202,4573,2,2,2,109,226000
NESET ERTAS CAD,54463764,36549,5,13,1,6,2,1331,0.334618696,106,FAHRI KORUTURK,6606,4040,3,2,236,762,66,320,2,1,1,1,1,3,4,2,3696,1136,158,5873,5329,3,2,2,100,282500
860,53112721,36619,9,12,1,7,1,1074,0.324411805,98,FAHRI KORUTURK,6117,3804,3,5,407,1488,272,525,2,1,1,2,1,4,4,2,4054,647,608,5385,4603,2,1,2,84,271200
859,2198205,36627,4,8,2,5,1,5093.8,0.340739108,88,FAHRI KORUTURK,6218,3956,3,6,242,1544,266,380,2,1,1,2,1,8,4,2,4437,946,291,5485,4493,2,2,2,86,192100
859,9127188,36617,7,18,2,8,1,1204,0.338974971, ,FAHRI KORUTURK,6269,3989,3,7,403,1673,146,541,2,1,1,2,2,6,4,2,4276,799,386,5537,4622,3,2,2,94,316400
859,9127179,36617,7,9,2,8,1,1204,0.338974971,107,FAHRI KORUTURK,6269,3989,3,7,403,1673,146,541,2,1,1,2,2,6,4,2,4276,799,386,5537,4622,0,2,2,107,214700
879,65323730,38000,9,10,1,6,1,1221,0.289458403,111,FAHRI KORUTURK,5725,3399,3,6,212,1511,435,546,2,1,1,2,1,3,4,2,3829,255,665,4993,4511,2,1,2,98,248600
879,65323728,38000,9,8,1,6,1,1221,0.289458403, ,FAHRI KORUTURK,5725,3399,3,1,212,1511,435,546,2,1,1,2,1,3,4,2,3829,255,665,4993,4511,1,1,2,106,282500
OZAN REHBERI CAD,37990574,38000,6,16,2,8,2,1831,0.302433751,114,FAHRI KORUTURK,5883,3556,3,5,369,1367,495,558,2,1,1,1,1,3,4,2,3850,413,649,5150,4636,1,2,2,102,282500
908,53490194,36542,7,21,2,6,2,1493,0.278770283,143,FAHRI KORUTURK,5656,3329,1,7,142,1461,365,568,2,1,1,1,1,1,4,2,3720,185,595,4923,4441,3,1,2,126.2,248600
908,53490190,36542,7,17,2,6,2,1493,0.278770283, ,FAHRI KORUTURK,5656,3329,1,8,142,1461,365,568,2,1,1,1,1,1,4,2,3720,185,595,4923,4441,3,1,2,177.4,259900
910,44570943,38002,1,14,1,5,2,1349,0.303782784,110,FAHRI KORUTURK,5909,3582,1,7,395,1315,521,584,2,1,1,2,2,4,5,2,3830,438,659,5176,4662,3,2,2,89.8,305100
910,44570933,38002,1,4,1,5,2,1349,0.303782784,95,FAHRI KORUTURK,5909,3582,3,5,395,1315,521,584,2,1,1,2,2,4,4,2,3830,438,659,5176,4662,1,2,2,99,192100
859,18165822,36627,10,16,2,5,1,1912,0.342135495,127,FAHRI KORUTURK,6311,4031,3,4,362,1664,187,500,2,1,1,2,1,6,4,2,4317,840,355,5578,4593,3,2,2,102,248600
NESET ERTAS CAD,19409300,36542,6,1,1,5,1,1665,0.280461282, ,FAHRI KORUTURK,5683,3357,3,4,170,1433,393,596,2,1,1,1,1,7,3,2,3693,213,623,4951,4469,0,2,2,111,226000
NATO YOLU CAD,5350100,37019,16,15,1,7,1,865,0.265465942, ,FAHRI KORUTURK,5392,3131,1,6,75,1479,102,445,2,1,1,1,1,8,5,1,4051,181,332,4660,4165,3,2,2,133.2,406800
NATO YOLU CAD,5350097,37019,16,12,1,7,1,865,0.265465942,90,FAHRI KORUTURK,5392,3131,3,6,75,1479,102,445,2,1,1,1,1,8,4,2,4051,181,332,4660,4165,2,2,2,80,293800
960,9831847,38002,5,14,1,7,2,1283,0.305605244,125,FAHRI KORUTURK,5938,3611,1,7,260,1341,464,557,2,1,1,1,1,8,5,2,3907,468,511,5205,4679,3,1,2,124.9,259900
960,9831846,38002,5,13,1,7,2,1283,0.305605244,103,FAHRI KORUTURK,5938,3611,1,8,260,1341,464,557,2,1,1,1,1,8,4,2,3907,468,511,5205,4679,3,1,2,80,180800
859,31435227,36627,11,10,2,5,1,1485,0.343420728,112,FAHRI KORUTURK,6283,4021,3,1,307,1609,242,445,2,1,1,2,1,5,4,2,4372,895,357,5550,4558,2,2,2,105,248600
839,39289599,36552,4,7,2,7,1,1400,0.343469063,108,FAHRI KORUTURK,6565,4238,3,1,100,951,272,114,2,1,1,2,1,2,4,2,3902,1094,115,5832,5219,1,2,2,97,226000
881,43461334,37022,7,8,2,5,1,1052,0.266310348,105,FAHRI KORUTURK,5578,3144,3,7,197,1646,288,382,2,1,1,2,1,2,4,2,3804,169,434,4845,4363,2,2,2,95,248600
NATAYOLU,3472793,37019,1,3,1,7,2,1428,0.259600115,100,FAHRI KORUTURK,5374,3113,3,2,78,1534,84,447,2,1,1,2,1,9,3,2,3965,95,314,4642,4160,-2,2,2,84,180800
SEHITLER,23271773,36550,6,9,2,7,2,962,0.331622263,100,FAHRI KORUTURK,6462,4135,3,7,133,908,212,217,2,1,1,2,1,5,4,2,3842,991,12,5729,5183,2,2,2,92,214700
SEHITLER,23271770,36550,6,6,2,7,2,962,0.331622263, ,FAHRI KORUTURK,6462,4135,3,7,133,908,212,217,2,1,1,2,1,5,4,2,3842,991,12,5729,5183,1,2,2,92,203400
NESET ERTAS CAD,3505549,37013,4,10,2,5,1,1526,0.267713931,110,FAHRI KORUTURK,5657,3178,3,4,213,1601,367,417,2,1,1,1,1,7,4,2,3712,187,469,4924,4443,3,2,2,99,226000
SEHITLER,23749945,36552,2,1,2,6,2,1016,0.331508407,100,FAHRI KORUTURK,6460,4133,3,1,135,910,214,219,2,1,1,1,1,4,4,2,3844,989,10,5727,5181,-1,2,2,90,169500
883,44544890,37022,4,2,2,5,1,1297,0.267206489,72,FAHRI KORUTURK,5672,3163,3,4,198,1586,361,402,2,1,1,2,1,3,3,2,3697,202,454,4939,4458,0,1,2,68,135600
839,42234536,36552,6,19,1,6,1,1400,0.343886624, ,FAHRI KORUTURK,6525,4199,3,5,155,1006,326,59,2,1,1,2,1,4,4,2,3956,1055,170,5793,5164,3,2,2,101,271200
839,42234533,36552,6,16,1,6,1,1400,0.343886624,115,FAHRI KORUTURK,6525,4199,3,7,155,1006,326,59,2,1,1,2,1,4,4,2,3956,1055,170,5793,5164,2,2,2,101,259900
860,47086561,36619,2,3,1,7,1,883,0.31506732, ,FAHRI KORUTURK,6037,3710,3,8,259,1356,518,557,2,1,1,2,1,3,2,2,3960,567,510,5304,4758,-1,2,2,55,124300
883,13777200,37013,1,12,2,8,2,908,0.264164325,90,FAHRI KORUTURK,5650,3141,3,7,140,1529,339,380,2,1,1,2,1,7,3,2,3639,259,432,4918,4441,2,2,2,77,164980
863,54472872,36551,6,5,1,5,1,709,0.349669408,99,FAHRI KORUTURK,6526,4199,3,7,146,1062,417,30,2,1,1,2,1,3,4,2,4047,1056,261,5793,5147,2,2,2,87,248600
874  P+A,5571955,37022,10,10,1,7,1,1246,0.261425242,60,FAHRI KORUTURK,5549,3048,3,8,252,1708,246,287,2,1,1,2,1,1,3,2,3860,188,339,4816,4334,0,2,2,58,119780
874  P+A,5571966,37022,10,21,1,7,1,1246,0.261425242, ,FAHRI KORUTURK,5549,3048,3,8,252,1708,246,287,2,1,1,2,1,1,4,2,3860,188,339,4816,4334,3,2,2,84,192100
874  P+A,5571950,37022,10,5,1,7,1,1246,0.261425242,92,FAHRI KORUTURK,5549,3048,3,8,252,1708,246,287,2,1,1,2,1,1,4,2,3860,188,339,4816,4334,-1,2,2,82,158200
874  P+A,5571957,37022,10,12,1,7,1,1246,0.261425242,96,FAHRI KORUTURK,5549,3048,3,4,252,1708,246,287,2,1,1,2,1,1,4,2,3860,188,339,4816,4334,1,2,2,84,214700
921,78068420,36552,11,11,1,5,1,1188,0.340165631, ,FAHRI KORUTURK,6491,4165,3,7,237,1013,316,322,2,1,1,2,1,3,4,2,3946,1021,91,5759,5212,2,1,2,87,271200
921,78068417,36552,11,9,1,5,1,1188,0.340165631,90,FAHRI KORUTURK,6491,4165,3,5,237,1013,316,322,2,1,1,2,1,3,3,2,3946,1021,91,5759,5212,2,1,2,82,169500
921,78068410,36552,11,2,1,5,1,1188,0.340165631,78,FAHRI KORUTURK,6491,4165,3,5,237,1013,316,322,2,1,1,2,1,3,3,2,3946,1021,91,5759,5212,0,1,2,73,135600
884,52827673,37031,8,12,2,5,1,1074,0.262917028,108,FAHRI KORUTURK,5629,3120,3,8,232,1620,318,358,2,1,1,2,1,2,4,2,3710,315,411,4897,4420,3,2,2,93,241820
OZAN REHBERİ CAD,37222304,38002,6,1,2,6,1,1475,0.324641063,85,FAHRI KORUTURK,6150,3823,3,7,426,1326,630,723,2,1,1,1,1,4,4,2,3891,679,677,5417,4871,-1,2,2,84,135600
851,45871574,36599,5,9,2,6,2,1058,0.358293466, ,FAHRI KORUTURK,6517,4246,3,4,220,1604,418,405,2,1,1,2,1,3,4,2,4452,1072,256,5784,4566,2,1,2,98,271200
851,45871562,36599,5,2,2,6,2,1058,0.358293466,95,FAHRI KORUTURK,6517,4246,3,7,220,1604,418,405,2,1,1,2,1,3,4,2,4452,1072,256,5784,4566,-1,1,2,90,135600
851,78878632,36618,2,1,1,7,2,1601,0.335513977, ,FAHRI KORUTURK,6182,3856,3,2,366,1501,632,676,2,1,1,2,1,1,4,2,4105,712,646,5450,4904,-3,1,2,94,151420
862,77771004,36620,2,2,1,5,1,1068,0.312938903,67,FAHRI KORUTURK,6090,3764,3,5,290,1141,554,600,2,1,1,2,1,1,3,1,3769,620,553,5358,4876,0,1,2,68,149160
874,3472893,37031,1,11,1,6,2,908,0.248507555, ,FAHRI KORUTURK,5462,2953,3,6,229,1766,151,192,2,1,1,2,1,2,4,2,3723,334,244,4730,4253,3,2,2,123,205660
904,44871975,36545,2,5,1,6,2,1309,0.295746292, ,FAHRI KORUTURK,6349,3422,3,2,207,905,419,162,2,1,1,1,1,4,3,2,3125,934,682,5616,5145,0,2,2,70,118650
861,78604305,36618,5,19,1,6,2,1584,0.341669966,125,FAHRI KORUTURK,6265,3939,3,8,295,1564,549,605,2,1,1,2,1,2,4,2,4188,795,563,5533,4867,3,1,2,110,259900
861,78604298,36618,5,10,1,6,2,1584,0.341669966, ,FAHRI KORUTURK,6265,3939,3,8,295,1564,549,605,2,1,1,2,1,2,4,2,4188,795,563,5533,4867,0,1,2,110,214700
861,32454086,36617,2,21,1,7,1,1237,0.349962697,145,FAHRI KORUTURK,6336,4010,1,6,319,1635,573,629,2,1,1,2,1,6,3,2,4259,866,587,5604,4890,3,2,2,140.2,305100
861,33226165,36618,6,18,1,7,1,1408,0.350635807, ,FAHRI KORUTURK,6341,4014,3,4,324,1639,578,633,2,1,1,2,1,6,4,2,4264,871,592,5608,4895,3,2,2,98,237300
861,33226152,36618,6,5,1,7,1,1408,0.350635807,110,FAHRI KORUTURK,6341,4014,3,8,324,1639,578,633,2,1,1,2,1,6,4,2,4264,871,592,5608,4895,-1,2,2,97,192100
61,17036109,50904,1,6,2,33,2,1432,0.396972823,164,FAHRI KORUTURK,7740,4727,3,3,178,749,1254,587,2,1,1,1,1,4,5,2,3204,1800,306,7007,6526,2,1,1,143,497200
61,17036127,50904,1,26,2,33,2,1432,0.396972823,175,FAHRI KORUTURK,7740,4727,3,2,178,749,1254,587,2,1,1,1,1,4,5,2,3204,1800,306,7007,6526,0,1,1,148,565000
61,17036097,50904,1,32,2,33,2,1432,0.396972823,170,FAHRI KORUTURK,7740,4727,3,2,178,749,1254,587,2,1,1,1,1,4,4,2,3204,1800,306,7007,6526,11,1,1,148,497200
61,17036114,50904,1,13,2,33,2,1432,0.396972823, ,FAHRI KORUTURK,7740,4727,3,1,178,749,1254,587,2,1,1,1,1,4,5,2,3204,1800,306,7007,6526,5,1,1,150,508500
61,17036140,50904,1,10,2,33,2,1432,0.396972823,173,FAHRI KORUTURK,7740,4727,3,1,178,749,1254,587,2,1,1,1,1,4,5,2,3204,1800,306,7007,6526,4,1,1,150,497200
872,55608111,36544,9,7,1,5,1,1200,0.284748205, ,FAHRI KORUTURK,6110,3442,3,4,100,1217,439,398,2,1,1,1,1,3,4,2,3145,724,702,5377,4901,3,2,2,109,248600
542 sokak,2202776,36254,9,4,2,6,1,1876,0.222020765,100,GENERAL ZEKI DOGAN,4605,3028,3,4,206,715,735,223,2,1,1,2,1,11,4,2,3632,1284,154,3873,2971,0,2,2,96,237300
MUTLU CD,4326920,36203,4,2,2,7,1,3663,0.1706573,46,GENERAL ZEKI DOGAN,3876,2780,3,7,119,500,555,352,2,1,1,1,1,9,2,1,2902,2000,188,3143,2559,-1,2,2,44,90400
MUTLU CD,4326924,36203,4,6,2,7,1,3663,0.1706573, ,GENERAL ZEKI DOGAN,3876,2780,3,4,119,500,555,352,2,1,1,1,1,9,4,1,2902,2000,188,3143,2559,1,2,2,93,248600
489,17369000,36204,7,11,1,5,2,1814,0.164121962,117,GENERAL ZEKI DOGAN,3825,2673,3,7,123,457,512,356,2,1,1,2,1,7,4,1,2851,1999,192,3093,2522,3,2,2,104,259900
489,17368995,36204,7,6,1,5,2,1814,0.164121962,117,GENERAL ZEKI DOGAN,3825,2673,3,5,123,457,512,356,2,1,1,2,1,7,4,1,2851,1999,192,3093,2522,1,2,2,104,237300
542,36042136,39690,4,4,2,7,2,5093,0.223586168, ,GENERAL ZEKI DOGAN,4652,2981,3,7,253,761,702,269,2,1,1,2,1,2,4,2,3678,1237,200,3919,3018,-1,1,2,115,316400
542,36042152,39690,4,20,2,7,2,5093,0.223586168,201,GENERAL ZEKI DOGAN,4652,2981,1,5,253,761,702,269,2,1,1,2,1,2,5,2,3678,1237,200,3919,3018,3,1,2,157.4,429400
489,2201221,36201,4,13,1,7,1,2283,0.16143905, ,GENERAL ZEKI DOGAN,3816,2588,3,8,154,448,503,401,2,1,1,2,1,12,4,1,2842,2085,234,3084,2513,2,2,2,87,259900
489,2201219,36201,4,7,1,7,1,2283,0.16143905, ,GENERAL ZEKI DOGAN,3816,2588,3,8,154,448,503,401,2,1,1,2,1,12,4,1,2842,2085,234,3084,2513,0,2,2,86,248600
489,2201218,36201,4,3,1,7,1,2283,0.16143905,162,GENERAL ZEKI DOGAN,3816,2588,3,4,154,448,503,401,2,1,1,2,1,12,3,1,2842,2085,234,3084,2513,-1,2,2,80,293800
542 SOKAK,5583991,36257,12,1,2,7,2,2159,0.225325494,87,GENERAL ZEKI DOGAN,4697,2923,3,1,298,820,644,327,2,1,1,2,1,5,3,2,3723,1227,256,3965,3076,-2,2,2,90,146900
538 SOKAK,1859981,36254,4,3,2,5,1,1226,0.216673181,132,GENERAL ZEKI DOGAN,4590,2927,3,8,190,786,647,314,2,1,1,2,1,6,4,2,3616,1290,148,3857,2978,1,2,2,116,259900
535,52265197,36243,6,16,1,6,1,2896,0.211681845,105,GENERAL ZEKI DOGAN,4472,2912,3,5,73,791,615,324,2,1,1,2,1,3,4,2,3498,1436,159,3740,2983,2,1,2,93,248600
535,52265195,36243,6,14,1,6,1,2896,0.211681845,104,GENERAL ZEKI DOGAN,4472,2912,3,7,73,791,615,324,2,1,1,2,1,3,4,2,3498,1436,159,3740,2983,1,1,2,93,262160
539 SOKAK,1860861,36257,1,3,1,6,2,1575,0.221646596, ,GENERAL ZEKI DOGAN,4667,2893,3,4,267,850,613,358,2,1,1,1,1,6,4,2,3693,1256,225,3934,3055,0,2,2,76,158200
491,77600275,36204,4,14,1,7,1,2635,0.173853634,155,GENERAL ZEKI DOGAN,3929,2685,1,4,226,560,615,459,2,1,1,2,1,3,5,2,2955,2004,295,3196,2626,3,1,2,162,395500
491,77600269,36204,4,8,1,7,1,2635,0.173853634,103,GENERAL ZEKI DOGAN,3929,2685,3,4,226,560,615,459,2,1,1,2,1,3,4,1,2955,2004,295,3196,2626,1,1,2,93,259900
491,77600262,36204,4,1,1,7,1,2635,0.173853634,118,GENERAL ZEKI DOGAN,3929,2685,3,8,226,560,615,459,2,1,1,2,1,3,3,1,2955,2004,295,3196,2626,-2,1,2,118,192100
191 sk,77584234,36204,3,4,2,6,1,1913,0.1742568,96,GENERAL ZEKI DOGAN,3936,2665,3,4,246,580,604,478,2,1,1,2,1,1,4,1,2962,2024,315,3204,2646,0,1,2,87,203400
534,2202812,36252,10,3,2,5,2,1866,0.21839114,71,GENERAL ZEKI DOGAN,4641,2856,3,8,259,857,576,385,2,1,1,1,1,11,3,2,3667,1250,219,3908,3049,0,2,2,60,135600
534,1874556,36252,10,15,2,5,2,1866,0.21839114, ,GENERAL ZEKI DOGAN,4641,2856,3,7,259,857,576,385,2,1,1,1,1,11,4,2,3667,1250,219,3908,3049,3,2,2,78,237300
535 SOKAK,3473035,36253,4,13,2,6,1,2132,0.214199609,110,GENERAL ZEKI DOGAN,4546,2838,3,7,147,865,558,398,2,1,1,2,1,10,4,2,3572,1362,232,3813,3057,3,2,2,100,237300
490,2201237,36205,1,11,2,8,2,2023,0.172249303,90,GENERAL ZEKI DOGAN,3902,2631,3,7,280,589,570,445,2,1,1,2,1,7,4,1,2929,2058,349,3170,2654,1,2,2,80,226000
494,2201251,36207,11,11,2,6,1,2257,0.184597457,104,GENERAL ZEKI DOGAN,3990,2838,3,4,190,622,560,518,2,1,1,2,1,8,4,1,3017,1834,353,3258,2687,1,2,2,90,237300
494,1872756,36207,11,2,2,6,1,2257,0.184597457, ,GENERAL ZEKI DOGAN,3990,2838,3,4,190,622,560,518,2,1,1,2,1,8,4,1,3017,1834,353,3258,2687,-1,2,2,97,196620
536,1874180,36243,4,3,1,7,1,4595,0.210922178,100,GENERAL ZEKI DOGAN,4479,2825,3,3,161,842,526,413,2,1,1,2,2,17,4,2,3505,1436,247,3746,3033,-2,2,2,90,192100
538 CAD,1860815,36257,4,9,2,5,1,1239,0.221639356,87,GENERAL ZEKI DOGAN,4707,2830,3,7,308,903,653,431,2,1,1,1,1,12,4,2,3733,1173,265,3974,3095,2,2,2,79,180800
551,1851064,12041,24,5,2,6,1,1238,0.276157274, ,GENERAL ZEKI DOGAN,5252,3184,3,1,121,994,153,373,2,1,1,1,1,17,3,1,4278,750,564,4519,3638,2,2,2,93,237300
551,1851060,12041,24,1,2,6,1,1238,0.276157274,110,GENERAL ZEKI DOGAN,5252,3184,3,1,121,994,153,373,2,1,1,1,1,17,3,1,4278,750,564,4519,3638,0,2,2,93,180800
494,38573513,36207,10,4,2,5,1,1371,0.187865364,131,GENERAL ZEKI DOGAN,4017,2864,3,5,164,648,534,504,2,1,1,2,1,3,4,1,3043,1808,379,3284,2714,1,2,2,113,293800
498,1861113,36198,2,13,1,6,1,3907,0.173652614,90,GENERAL ZEKI DOGAN,3910,2639,3,7,289,596,539,452,2,2,1,2,1,11,4,1,2936,2034,381,3178,2662,0,2,2,87,158200
492,1854575,36205,4,1,2,6,1,1410,0.180671262,103,GENERAL ZEKI DOGAN,3983,2705,3,4,315,653,550,520,2,1,1,2,1,8,3,1,3009,1966,388,3251,2718,-2,2,2,97,180800
543,1871447,12035,8,2,2,5,1,1135,0.234815958,118,GENERAL ZEKI DOGAN,4908,2841,3,4,300,1104,487,737,2,1,1,2,1,9,4,1,3934,901,238,4176,3485,0,2,2,106,214700
497,1852534,36191,8,9,2,6,2,1792,0.147678894, ,GENERAL ZEKI DOGAN,3621,2435,3,8,96,466,478,163,2,1,1,2,1,11,4,1,2647,2176,385,2889,2531,1,2,2,90,203400
497,1852529,36191,8,4,2,6,2,1792,0.147678894,74,GENERAL ZEKI DOGAN,3621,2435,3,5,96,466,478,163,2,1,1,2,1,11,4,1,2647,2176,385,2889,2531,-1,2,2,67,135600
508,1874170,36242,1,7,1,6,2,1919,0.20015532,103,GENERAL ZEKI DOGAN,4345,2801,3,2,160,761,392,353,2,1,1,1,1,12,4,2,3371,1509,213,3612,2953,1,2,2,86,226000
562,1851504,12066,5,10,2,6,2,1111,0.292480059,86,GENERAL ZEKI DOGAN,5518,3388,3,1,6,1183,375,187,2,1,1,1,2,16,4,1,4323,453,589,4786,3993,4,2,2,82,198880
562,1851543,12066,5,2,2,6,2,1111,0.292480059, ,GENERAL ZEKI DOGAN,5518,3388,3,1,6,1183,375,187,2,1,1,1,2,16,4,1,4323,453,589,4786,3993,0,2,2,82,169500
497,1853837,36197,4,4,2,7,1,3838,0.168381941,86,GENERAL ZEKI DOGAN,3838,2562,3,8,320,640,595,387,2,1,1,2,1,8,4,1,2864,2046,427,3106,2706,-2,2,2,83,146900
497,1854081,36197,4,23,2,7,1,3838,0.168381941,95,GENERAL ZEKI DOGAN,3838,2562,3,7,320,640,595,387,2,1,1,2,1,8,4,1,2864,2046,427,3106,2706,2,2,2,89,237300
493,1872722,36206,7,1,1,5,1,1327,0.187754965,94,GENERAL ZEKI DOGAN,4064,2726,3,8,241,726,478,448,2,1,1,2,1,10,4,1,3090,1885,461,3331,2792,-1,2,2,77,169500
557,3521662,12061,7,9,2,6,2,1320,0.266096667,103,GENERAL ZEKI DOGAN,5157,3089,3,1,216,1089,78,358,2,1,1,2,2,14,4,1,4183,735,469,4425,3733,4,2,1,95,226000
557,3521660,12061,7,6,2,6,2,1320,0.266096667, ,GENERAL ZEKI DOGAN,5157,3089,3,1,216,1089,78,358,2,1,1,2,2,14,4,1,4183,735,469,4425,3733,2,2,1,95,214700
494,1854856,36210,5,16,1,6,1,3983,0.200702022, ,GENERAL ZEKI DOGAN,4280,2837,3,4,224,826,428,397,2,1,1,2,1,11,4,1,3306,1544,278,3548,2977,1,2,2,94,235040
494,1854850,36210,5,10,1,6,1,3983,0.200702022,107,GENERAL ZEKI DOGAN,4280,2837,3,4,224,826,428,397,2,1,1,2,1,11,4,1,3306,1544,278,3548,2977,0,2,2,94,192100
497,1853624,36194,11,5,1,6,1,1763,0.162849688,94,GENERAL ZEKI DOGAN,3771,2495,3,5,270,640,561,337,2,1,1,2,1,11,4,1,2797,2002,481,3038,2705,0,2,2,86,226000
531 SOKAK,43029820,36251,8,15,2,6,1,2275,0.219229394,127,GENERAL ZEKI DOGAN,4700,2708,1,8,355,1025,531,527,2,1,1,2,1,1,5,2,3726,1164,339,3968,3217,3,2,2,136.6,282500
493,17621421,36207,4,2,2,7,1,1823,0.188757077,104,GENERAL ZEKI DOGAN,4093,2697,3,5,212,756,449,418,2,1,1,2,1,3,4,1,3119,1856,490,3360,2821,-2,2,2,104,169500
494,37873485,36241,12,13,2,6,1,1568,0.204450265,90,GENERAL ZEKI DOGAN,4429,2693,3,7,272,874,414,410,2,1,1,2,1,3,4,2,3455,1396,326,3696,3066,3,2,2,79,192100
495,1880161,36213,11,13,2,5,1,1508,0.193476467,80,GENERAL ZEKI DOGAN,4136,2762,3,7,138,768,414,384,2,1,1,2,1,8,4,1,3163,1782,493,3404,2833,1,2,2,65,192100
489,1853607,36193,11,21,2,8,1,3152,0.149550255, ,GENERAL ZEKI DOGAN,3621,2313,3,8,297,603,679,230,2,1,1,2,1,2,4,1,2647,2158,509,2889,2733,2,2,2,89,226000
489,1853589,36193,11,3,2,8,1,3152,0.149550255,88,GENERAL ZEKI DOGAN,3621,2313,3,4,297,603,679,230,2,1,1,2,1,2,4,1,2647,2158,509,2889,2733,-2,2,2,85,180800
499,40334765,36193,8,18,2,5,1,1976,0.158987683,94,GENERAL ZEKI DOGAN,3726,2418,3,5,301,671,640,334,2,1,1,2,1,4,4,1,2752,2081,512,2993,2736,3,2,2,84,244080
494,78634957,36210,1,1,2,5,2,1582,0.197010904,98,GENERAL ZEKI DOGAN,4204,2831,3,7,122,835,388,357,2,1,1,2,1,1,4,1,3230,1661,332,3471,2901,0,1,2,93,226000
494,78634967,36210,1,11,2,5,2,1582,0.197010904, ,GENERAL ZEKI DOGAN,4204,2831,3,5,122,835,388,357,2,1,1,2,1,1,4,1,3230,1661,332,3471,2901,3,1,2,94,237300
494,78634965,36210,1,9,2,5,2,1582,0.197010904,110,GENERAL ZEKI DOGAN,4204,2831,3,4,122,835,388,357,2,1,1,2,1,1,4,1,3230,1661,332,3471,2901,2,1,2,95,316400
502,5330716,36191,1,8,2,7,2,1415,0.130685078,105,GENERAL ZEKI DOGAN,3429,2242,3,5,152,411,515,85,2,1,1,1,1,7,4,1,2456,2186,357,2697,2665,3,2,2,91,282500
494,1854824,36210,2,14,2,6,1,1785,0.198261464,94,GENERAL ZEKI DOGAN,4218,2845,3,5,177,849,402,372,2,1,1,2,1,3,4,1,3244,1607,340,3485,2915,3,2,2,85,226000
494,1854818,36210,2,8,2,6,1,1785,0.198261464, ,GENERAL ZEKI DOGAN,4218,2845,3,5,177,849,402,372,2,1,1,2,1,3,4,1,3244,1607,340,3485,2915,1,2,2,85,214700
495,18203331,36213,13,13,2,6,1,2205,0.192718824,165,GENERAL ZEKI DOGAN,4120,2722,1,8,178,808,374,344,2,1,1,2,1,3,5,2,3146,1822,533,3387,2874,3,2,2,143,361600
563,5511441,12077,1,7,2,6,2,1320,0.296338506,104,GENERAL ZEKI DOGAN,5414,3347,3,1,146,1069,335,95,2,1,1,2,2,17,4,1,4440,593,726,4682,3853,3,2,1,95,248600
563,5511438,12077,1,3,2,6,2,1320,0.296338506,104,GENERAL ZEKI DOGAN,5414,3347,3,1,146,1069,335,95,2,1,1,2,2,17,4,1,4440,593,726,4682,3853,1,2,1,95,248600
501,14122106,36191,2,11,1,7,2,1759,0.137872321,120,GENERAL ZEKI DOGAN,3488,2300,3,5,210,470,574,143,2,2,1,2,1,8,4,1,2514,2159,416,2756,2696,3,2,2,115,271200
531 SOKAK,1857998,36251,1,13,2,6,2,1953,0.21578037,100,GENERAL ZEKI DOGAN,4650,2658,3,5,407,1076,481,477,2,1,1,2,1,3,4,2,3676,1175,350,3917,3287,3,2,2,83,259900
524,1859419,36247,1,21,2,9,2,2321,0.21616693, ,GENERAL ZEKI DOGAN,4655,2663,3,7,412,1081,486,482,2,1,1,2,1,18,4,2,3681,1170,345,3922,3292,3,2,2,82,248600
524,1859418,36247,1,20,2,9,2,2321,0.21616693,87,GENERAL ZEKI DOGAN,4655,2663,3,4,412,1081,486,482,2,1,1,2,1,18,4,2,3681,1170,345,3922,3292,3,2,2,78,192100
522,3809485,36212,6,10,2,5,1,1508,0.200486334,102,GENERAL ZEKI DOGAN,4274,2785,3,8,258,917,344,313,2,1,1,2,2,8,4,2,3301,1627,369,3542,2996,3,2,2,89,248600
522,1873015,36212,6,3,2,5,1,1508,0.200486334, ,GENERAL ZEKI DOGAN,4274,2785,3,5,258,917,344,313,2,1,1,2,2,8,4,2,3301,1627,369,3542,2996,0,2,2,77,162720
530. SOKAK,2202451,36250,6,10,2,5,1,1515,0.218904157,98,GENERAL ZEKI DOGAN,4710,2708,3,7,468,1107,585,615,2,1,1,2,1,10,4,2,3737,1102,277,3978,3298,3,2,2,84,214700
560,2198731,12064,2,9,2,6,2,1094,0.287294218,104,GENERAL ZEKI DOGAN,5335,3267,3,1,190,1139,255,175,2,1,1,1,1,17,4,1,4361,589,646,4602,3836,4,2,1,94,192100
560,1851463,12064,2,2,2,6,2,1094,0.287294218, ,GENERAL ZEKI DOGAN,5335,3267,3,1,190,1139,255,175,2,1,1,1,1,17,4,1,4361,589,646,4602,3836,0,2,1,91,180800
489,1872023,36190,6,8,2,6,2,2029,0.147580807,102,GENERAL ZEKI DOGAN,3640,2246,3,5,332,553,657,265,2,1,1,2,1,8,4,1,2667,2091,498,2908,2797,0,2,2,84,192100
560,3521876,12059,4,2,2,6,2,1320,0.284684802,101,GENERAL ZEKI DOGAN,5311,3244,3,1,225,1179,232,214,2,1,1,1,2,16,4,1,4337,591,623,4579,3838,0,2,1,95,180800
524,1857745,36247,2,25,2,9,1,3052,0.217820667,94,GENERAL ZEKI DOGAN,4676,2684,3,4,434,1103,507,503,2,1,1,2,1,4,4,2,3702,1148,324,3944,3313,3,2,2,81,214700
524,1857703,36247,2,19,2,9,1,3052,0.217820667, ,GENERAL ZEKI DOGAN,4676,2684,3,8,434,1103,507,503,2,1,1,2,1,4,4,2,3702,1148,324,3944,3313,1,2,2,85,203400
524,2202372,36247,2,23,2,9,1,3052,0.217820667, ,GENERAL ZEKI DOGAN,4676,2684,3,8,434,1103,507,503,2,1,1,2,1,4,4,2,3702,1148,324,3944,3313,2,2,2,85,192100
521,30575183,36241,8,17,2,8,1,2775,0.206350189,121,GENERAL ZEKI DOGAN,4489,2581,1,5,384,986,302,298,2,1,1,2,1,2,4,2,3516,1354,438,3757,3178,3,2,2,116,293800
560,5511399,12060,2,5,2,6,2,1320,0.28204888, ,GENERAL ZEKI DOGAN,5284,3216,3,1,252,1206,204,242,2,1,1,2,2,14,4,1,4310,618,595,4551,3866,2,2,1,95,248600
560,3521898,12060,2,4,2,6,2,1320,0.28204888,102,GENERAL ZEKI DOGAN,5284,3216,3,1,252,1206,204,242,2,1,1,2,2,14,4,1,4310,618,595,4551,3866,1,2,1,95,226000
529,37028320,36250,3,5,1,6,2,3074,0.220636315,106,GENERAL ZEKI DOGAN,4765,2763,3,8,337,1157,626,670,2,1,1,1,1,5,3,2,3792,971,146,4033,3349,-1,2,2,109,192100
529,54992701,36248,18,1,1,5,1,1805,0.219629818,121,GENERAL ZEKI DOGAN,4745,2742,3,1,357,1161,619,649,2,1,1,2,1,1,4,2,3771,992,167,4012,3370,0,1,2,117,237300
496,1852126,36187,1,5,1,7,2,1294,0.119485926,98,GENERAL ZEKI DOGAN,3329,2127,3,7,210,297,401,196,2,1,1,1,1,13,4,1,2355,2230,243,2596,2758,2,2,2,83,248600
496,1852127,36187,1,6,1,7,2,1294,0.119485926, ,GENERAL ZEKI DOGAN,3329,2127,3,4,210,297,401,196,2,1,1,1,1,13,4,1,2355,2230,243,2596,2758,2,2,2,82,214700
38,62503626,36247,7,17,1,6,2,2757,0.212455711,115,GENERAL ZEKI DOGAN,4628,2626,3,7,474,1044,502,533,2,1,1,2,1,1,4,2,3654,1109,284,3896,3381,2,1,2,96,271200
38,62503629,36247,7,20,1,6,2,2757,0.212455711,110,GENERAL ZEKI DOGAN,4628,2626,3,7,474,1044,502,533,2,1,1,2,1,1,4,2,3654,1109,284,3896,3381,3,1,2,96,192100
502,54389014,36190,4,11,1,4,1,1224,0.140899144, ,GENERAL ZEKI DOGAN,3550,2220,3,8,273,527,631,206,2,1,1,2,1,1,4,1,2577,2065,473,2818,2786,3,1,2,85,305100
502,54389011,36190,4,8,1,4,1,1224,0.140899144,100,GENERAL ZEKI DOGAN,3550,2220,3,8,273,527,631,206,2,1,1,2,1,1,4,1,2577,2065,473,2818,2786,2,1,2,85,237300
518 CADDE,50310505,38912,1,9,1,7,2,2361,0.18824894,112,GENERAL ZEKI DOGAN,4127,2606,3,4,363,988,179,149,2,1,1,1,1,5,4,2,3153,1710,458,3395,3054,2,2,2,91,259900
529 SOKAK,1857983,36250,2,10,2,7,1,3885,0.218353691,117,GENERAL ZEKI DOGAN,4718,2716,3,8,384,1135,593,623,2,1,1,2,1,3,4,2,3744,1018,194,3986,3396,0,2,2,112,226000
508,2201286,36216,8,14,1,6,1,1554,0.175140589,94,GENERAL ZEKI DOGAN,3956,2452,1,8,481,851,358,304,2,1,1,2,2,14,5,1,2983,1791,637,3224,2917,3,2,2,102.1,237300
508,1856149,36216,8,1,1,6,1,1554,0.175140589, ,GENERAL ZEKI DOGAN,3956,2452,3,4,481,851,358,304,2,1,1,2,2,14,4,1,2983,1791,637,3224,2917,-1,2,2,74,124300
524,1880625,36239,4,5,1,5,1,1551,0.205556816,99,GENERAL ZEKI DOGAN,4502,2500,3,7,490,918,376,407,2,1,1,2,1,13,4,2,3528,1307,483,3769,3290,1,2,2,82,214700
518. Cadde,20604842,38912,2,8,2,7,1,3583,0.192918524,89,GENERAL ZEKI DOGAN,4196,2553,3,2,400,972,110,80,2,1,1,1,1,3,4,2,3222,1640,495,3464,3091,0,2,2,75,192100
518,78525652,36232,3,5,1,5,1,1215,0.193007377, ,GENERAL ZEKI DOGAN,4198,2551,3,2,403,969,108,77,2,1,1,2,1,2,5,2,3225,1638,498,3466,3093,1,1,2,111,339000
518,78525659,36232,3,12,1,5,1,1215,0.193007377,113,GENERAL ZEKI DOGAN,4198,2551,3,3,403,969,108,77,2,1,1,2,1,2,3,2,3225,1638,498,3466,3093,3,1,2,64,237300
DEREBEY CD,1872014,36186,7,11,2,7,1,1367,0.114003797,95,GENERAL ZEKI DOGAN,3316,2034,3,5,116,204,308,245,2,1,1,1,2,17,4,1,2343,2323,150,2584,2807,4,2,2,87,259900
524,1857398,36239,5,5,1,5,1,1194,0.202981624,83,GENERAL ZEKI DOGAN,4475,2473,3,8,464,892,350,380,2,1,1,2,1,13,4,2,3502,1294,469,3743,3317,1,2,2,73,203400
524,1857399,36239,5,6,1,5,1,1194,0.202981624,81,GENERAL ZEKI DOGAN,4475,2473,3,7,464,892,350,380,2,1,1,2,1,13,4,2,3502,1294,469,3743,3317,1,2,2,73,214700
520,41723276,36233,8,3,2,6,2,2441,0.201855332,91,GENERAL ZEKI DOGAN,4374,2505,3,8,470,924,134,130,2,1,1,2,1,2,4,2,3400,1522,524,3642,3264,-1,2,2,91,158200
524,1874194,36238,7,5,2,6,2,1976,0.20247247,107,GENERAL ZEKI DOGAN,4513,2510,3,6,501,929,387,417,2,2,1,2,1,7,4,2,3539,1149,324,3780,3362,0,2,2,99,237300
521,2200698,36240,18,30,2,11,2,5876,0.202097221,105,GENERAL ZEKI DOGAN,4381,2498,3,7,477,917,141,137,2,1,1,2,1,7,4,2,3407,1515,531,3649,3271,1,2,2,95,226000
508,2200687,36216,9,7,1,6,2,2910,0.177537287,102,GENERAL ZEKI DOGAN,3982,2434,3,5,548,840,347,238,2,1,1,1,1,13,4,2,3008,1724,703,3250,2983,0,2,2,88,214700
515,51403443,36226,4,12,2,5,2,2504,0.182273402, ,GENERAL ZEKI DOGAN,4201,2232,3,4,222,650,218,249,2,1,1,2,1,1,4,1,3228,1389,601,3469,3318,2,1,2,100,282500
515,51403435,36226,4,4,2,5,2,2504,0.182273402,82,GENERAL ZEKI DOGAN,4201,2232,3,4,222,650,218,249,2,1,1,2,1,1,3,1,3228,1389,601,3469,3318,0,1,2,83,214700
519,51661429,36233,9,13,1,6,1,2918,0.200436973, ,GENERAL ZEKI DOGAN,4335,2505,3,7,491,923,62,58,2,1,1,2,1,3,4,2,3361,1592,544,3602,3229,2,1,2,89,226000
519,51661485,36233,9,19,1,6,1,2918,0.200436973,152,GENERAL ZEKI DOGAN,4335,2505,1,5,491,923,62,58,2,1,1,2,1,3,5,2,3361,1592,544,3602,3229,3,1,2,132.1,361600
519,51661430,36233,9,14,1,6,1,2918,0.200436973,105,GENERAL ZEKI DOGAN,4335,2505,3,8,491,923,62,58,2,1,1,2,1,3,4,2,3361,1592,544,3602,3229,2,1,2,88,176280
519,51661418,36233,9,2,1,6,1,2918,0.200436973,117,GENERAL ZEKI DOGAN,4335,2505,3,8,491,923,62,58,2,1,1,2,1,3,2,2,3361,1592,544,3602,3229,-1,1,2,111,293800
508,31642030,51056,1,50,2,16,2,26145,0.181752609,135,GENERAL ZEKI DOGAN,4030,2533,3,8,461,924,277,246,2,1,1,1,1,6,4,2,3056,1807,556,3297,2990,12,1,1,121,418100
508,31642133,51056,1,46,2,16,2,26145,0.181752609, ,GENERAL ZEKI DOGAN,4030,2533,1,8,461,924,277,246,2,1,1,1,1,6,4,2,3056,1807,556,3297,2990,11,1,1,215.5,678000
508,31642095,51056,1,10,2,16,2,26145,0.181752609,136,GENERAL ZEKI DOGAN,4030,2533,3,8,461,924,277,246,2,1,1,1,1,6,4,2,3056,1807,556,3297,2990,2,1,1,121,361600
508,31642019,51056,1,39,2,16,2,26145,0.181752609,135,GENERAL ZEKI DOGAN,4030,2533,3,5,461,924,277,246,2,1,1,1,1,6,4,2,3056,1807,556,3297,2990,0,1,1,121,474600
508,31642023,51056,1,43,2,16,2,26145,0.181752609,135,GENERAL ZEKI DOGAN,4030,2533,3,5,461,924,277,246,2,1,1,1,1,6,4,2,3056,1807,556,3297,2990,10,1,1,121,418100
508,31641995,51056,1,15,2,16,2,26145,0.181752609,135,GENERAL ZEKI DOGAN,4030,2533,3,5,461,924,277,246,2,1,1,1,1,6,4,2,3056,1807,556,3297,2990,3,1,1,121,395500
508,31642117,51056,1,31,2,16,2,26145,0.181752609,135,GENERAL ZEKI DOGAN,4030,2533,3,5,461,924,277,246,2,1,1,1,1,6,4,2,3056,1807,556,3297,2990,7,1,1,121,384200
508,31641985,51056,1,7,2,16,2,26145,0.181752609, ,GENERAL ZEKI DOGAN,4030,2533,3,5,461,924,277,246,2,1,1,1,1,6,4,2,3056,1807,556,3297,2990,1,1,1,121,372900
508,31642053,51056,1,16,2,16,2,26145,0.181752609, ,GENERAL ZEKI DOGAN,4030,2533,3,4,461,924,277,246,2,1,1,1,1,6,4,2,3056,1807,556,3297,2990,3,1,1,121,395500
508,31642008,51056,1,28,2,16,2,26145,0.181752609, ,GENERAL ZEKI DOGAN,4030,2533,3,4,461,924,277,246,2,1,1,1,1,6,4,2,3056,1807,556,3297,2990,6,1,1,121,339000
517,1856145,36216,6,9,2,5,1,1611,0.183601881,93,GENERAL ZEKI DOGAN,4036,2539,3,5,533,931,348,316,2,1,1,2,1,4,4,1,3062,1749,628,3303,2996,2,2,2,81,214700
517,1856144,36216,6,8,2,5,1,1611,0.183601881, ,GENERAL ZEKI DOGAN,4036,2539,3,6,533,931,348,316,2,1,1,2,1,4,4,1,3062,1749,628,3303,2996,2,2,2,79,203400
521,13159265,36233,6,10,1,10,1,5728,0.198907466,120,GENERAL ZEKI DOGAN,4340,2422,3,8,412,840,215,213,2,1,1,2,1,8,4,2,3367,1509,593,3608,3333,-3,1,2,112,203400
521,13159275,36233,6,20,1,10,1,5728,0.198907466, ,GENERAL ZEKI DOGAN,4340,2422,3,7,412,840,215,213,2,1,1,2,1,8,4,2,3367,1509,593,3608,3333,0,1,2,117,293800
521,13159262,36233,6,6,1,10,1,5728,0.198907466, ,GENERAL ZEKI DOGAN,4340,2422,3,7,412,840,215,213,2,1,1,2,1,8,4,2,3367,1509,593,3608,3333,-4,1,2,117,226000
504,1861239,36186,9,1,1,9,2,8018,0.121575638,82,GENERAL ZEKI DOGAN,3382,2099,3,8,182,269,373,311,2,1,1,2,2,20,3,1,2408,2195,215,2649,2873,0,1,1,77,180800
504,1861241,36186,9,3,1,9,2,8018,0.121575638, ,GENERAL ZEKI DOGAN,3382,2099,3,4,182,269,373,311,2,1,1,2,2,20,4,1,2408,2195,215,2649,2873,0,1,1,94,192100
509,1859091,36216,5,5,2,5,2,1333,0.184481647,108,GENERAL ZEKI DOGAN,4059,2528,3,8,536,933,348,293,2,1,1,2,1,12,4,1,3086,1725,631,3327,3020,1,2,2,90,271200
527,2202400,36237,9,10,1,5,2,1979,0.206988464,173,GENERAL ZEKI DOGAN,4618,2551,3,4,357,969,592,622,2,1,1,2,1,10,5,2,3644,991,166,3886,3537,3,2,2,104,372900
521,43562423,36233,4,3,1,8,1,2696,0.195832926,80,GENERAL ZEKI DOGAN,4296,2377,3,5,368,795,170,200,2,1,1,2,1,1,4,2,3322,1464,637,3563,3372,-2,1,2,79,146900
521,43562426,36233,4,6,1,8,1,2696,0.195832926, ,GENERAL ZEKI DOGAN,4296,2377,3,4,368,795,170,200,2,1,1,2,1,1,3,2,3322,1464,637,3563,3372,-1,1,2,68,203400
542. sokak,52704508,50945,6,11,2,12,1,2180,0.195069505,120,GENERAL ZEKI DOGAN,4385,2382,3,4,373,801,259,289,2,1,1,2,1,3,4,2,3411,1277,452,3652,3408,1,1,2,114,343520
NATO YOLU CD,1873323,36224,2,6,2,8,1,2075,0.175772699,124,GENERAL ZEKI DOGAN,3996,2239,3,3,230,658,339,155,2,1,1,1,1,9,4,2,3022,1499,710,3263,3317,0,2,2,108,327700
527,26209643,36237,8,16,2,5,1,2384,0.205071306, ,GENERAL ZEKI DOGAN,4570,2503,1,7,384,921,605,585,2,1,1,1,1,3,4,2,3597,1018,229,3838,3601,3,1,2,145.1,429400
527,26209641,36237,8,14,2,5,1,2384,0.205071306,131,GENERAL ZEKI DOGAN,4570,2503,1,5,384,921,605,585,2,1,1,1,1,3,4,2,3597,1018,229,3838,3601,3,1,2,141.6,452000
SHT. HÜSEYIN DOGAN,35412080,50944,10,13,2,6,2,1292,0.147651486, ,GENERAL ZEKI DOGAN,3711,2163,3,7,296,569,636,198,2,1,1,1,1,19,4,2,2738,1852,474,2979,2999,2,2,2,86,282500
SHT. HÜSEYIN DOGAN,35412076,50944,10,9,2,6,2,1292,0.147651486,101,GENERAL ZEKI DOGAN,3711,2163,3,7,296,569,636,198,2,1,1,1,1,19,4,2,2738,1852,474,2979,2999,1,2,2,86,237300
SHT. HÜSEYIN DOGAN,35411937,50944,11,1,2,6,2,1193,0.146743766,90,GENERAL ZEKI DOGAN,3703,2155,3,7,288,561,628,190,2,1,1,1,1,20,4,2,2730,1844,466,2971,3007,-2,2,2,93,169500
SHT. HÜSEYIN DOGAN,35411940,50944,11,8,2,6,2,1193,0.146743766, ,GENERAL ZEKI DOGAN,3703,2155,3,4,288,561,628,190,2,1,1,1,1,20,4,2,2730,1844,466,2971,3007,1,2,2,95,282500
513,1856615,36224,4,14,2,6,1,1532,0.181429531, ,GENERAL ZEKI DOGAN,4082,2262,3,5,253,681,253,241,2,1,1,2,1,11,4,1,3108,1522,733,3350,3284,3,2,2,76,203400
513,1856616,36224,4,15,2,6,1,1532,0.181429531, ,GENERAL ZEKI DOGAN,4082,2262,3,7,253,681,253,241,2,1,1,2,1,11,4,1,3108,1522,733,3350,3284,3,2,2,75,203400
527,1857199,36237,7,7,2,5,1,1416,0.203859138,105,GENERAL ZEKI DOGAN,4545,2478,3,4,409,896,580,560,2,1,1,2,2,17,4,2,3571,1043,255,3813,3626,2,2,2,90,271200
518,14018154,36233,2,25,1,8,1,4346,0.193142887, ,GENERAL ZEKI DOGAN,4245,2410,3,8,400,828,32,63,2,1,1,1,1,8,4,2,3272,1497,639,3513,3234,2,2,2,100,203400
518,14018145,36233,2,16,1,8,1,4346,0.193142887, ,GENERAL ZEKI DOGAN,4245,2410,3,5,400,828,32,63,2,1,1,1,1,8,4,2,3272,1497,639,3513,3234,0,2,2,102,214700
NATO YOLU CD,1859320,36221,6,12,2,11,2,7708,0.180186931,114,GENERAL ZEKI DOGAN,4004,2307,3,5,298,726,293,163,2,1,1,1,1,5,4,2,3030,1566,766,3271,3250,-3,1,2,87,192100
NATO YOLU CD,1859326,36221,6,18,2,11,2,7708,0.180186931, ,GENERAL ZEKI DOGAN,4004,2307,3,5,298,726,293,163,2,1,1,1,1,5,4,2,3030,1566,766,3271,3250,-2,1,2,106,293800
527,4326335,36237,5,3,2,5,1,1356,0.201669569,132,GENERAL ZEKI DOGAN,4500,2433,3,7,423,851,535,515,2,1,1,2,1,8,4,2,3526,1088,300,3768,3671,1,2,2,112,361600
512,1873393,36224,8,1,1,6,2,1357,0.185563765,95,GENERAL ZEKI DOGAN,4114,2375,3,1,366,794,163,194,2,1,1,2,1,8,3,1,3140,1541,689,3382,3166,-1,2,2,94,180800
526,3521960,36235,9,9,2,5,2,2243,0.201044816,107,GENERAL ZEKI DOGAN,4452,2384,3,8,375,803,487,466,2,1,1,2,1,8,4,2,3478,1215,426,3719,3664,1,2,2,92,289280
511,6273789,36222,5,16,2,7,2,2403,0.181353564,160,GENERAL ZEKI DOGAN,4004,2352,1,8,343,770,296,207,2,1,1,2,1,4,5,2,3030,1611,766,3271,3229,3,2,2,164,361600
511,6273780,36222,5,7,2,7,2,2403,0.181353564,100,GENERAL ZEKI DOGAN,4004,2352,3,8,343,770,296,207,2,1,1,2,1,4,4,1,3030,1611,766,3271,3229,0,2,2,93,226000
NATO YOLU CD,2201620,36221,5,10,2,9,1,4055,0.180016908, ,GENERAL ZEKI DOGAN,3987,2368,3,7,359,787,313,204,2,1,1,1,1,5,4,2,3013,1628,750,3255,3212,-2,2,2,101,214700
NATO YOLU CD,2201642,36221,2,7,1,5,1,1542,0.165485099,102,GENERAL ZEKI DOGAN,3851,2303,3,3,375,709,445,10,2,1,1,1,1,15,4,1,2878,1643,614,3119,3209,3,2,2,87,226000
683,2212761,36534,8,10,1,6,2,2283,0.230134301, ,SAHINTEPE,5138,2560,3,5,172,1438,330,231,2,1,1,2,1,12,4,1,3767,648,238,4405,4098,2,2,2,76,192100
631.SOKAK,78266443,36486,3,9,2,4,1,2198,0.203555827, ,SAHINTEPE,4481,1663,1,8,114,820,266,230,2,1,1,2,1,3,5,2,3675,1683,1080,3916,4084,3,1,2,150.9,368407.12
628,37632679,36492,15,8,2,5,1,2471,0.218343453,64,SAHINTEPE,4677,1818,3,3,175,975,327,227,2,1,1,1,1,3,4,1,3808,1558,1148,4128,4264,0,2,2,63,128820
628,37632695,36492,15,14,2,5,1,2471,0.218343453,108,SAHINTEPE,4677,1818,3,6,175,975,327,227,2,1,1,1,1,3,4,1,3808,1558,1148,4128,4264,2,2,2,97,226000
628.CADDE,46579328,36488,1,7,1,4,2,2212,0.207800847, ,SAHINTEPE,4537,1679,3,5,35,835,187,152,2,1,1,2,1,2,4,1,3747,1697,1096,3988,4213,2,1,2,108,259900
628,40794844,36492,14,22,2,6,1,3303,0.219224106,135,SAHINTEPE,4697,1839,1,8,196,995,348,206,2,1,1,1,1,3,5,2,3829,1537,1127,4141,4243,3,2,2,102.4,282500
628,40794829,36492,14,7,2,6,1,3303,0.219224106, ,SAHINTEPE,4697,1839,3,4,196,995,348,206,2,1,1,1,1,3,4,1,3829,1537,1127,4141,4243,-1,2,2,97,192100
683,21010987,36484,5,12,2,5,2,2667,0.207890289,108,SAHINTEPE,4566,1748,3,1,206,888,488,309,2,1,1,2,1,5,4,1,3718,1460,1050,3959,4074,1,2,2,81,214700
683,21010974,36484,5,1,2,5,2,2667,0.207890289, ,SAHINTEPE,4566,1748,3,1,206,888,488,309,2,1,1,2,1,5,4,1,3718,1460,1050,3959,4074,-2,2,2,84,135600
656-2,1935550,36484,3,13,2,5,1,1818,0.204466862, ,SAHINTEPE,4510,1730,3,2,111,794,471,258,2,1,1,2,1,10,4,1,3623,1554,1144,3865,4032,2,2,2,96,248600
656-2,1906356,36484,3,1,2,5,1,1818,0.204466862,80,SAHINTEPE,4510,1730,3,2,111,794,471,258,2,1,1,2,1,10,4,1,3623,1554,1144,3865,4032,-2,2,2,79,146900
683,53576824,36483,4,7,1,5,2,2635,0.197071682, ,SAHINTEPE,4445,1627,3,5,211,783,367,244,2,1,1,2,1,3,3,1,3613,1581,1044,3854,4021,0,2,2,79,180800
683,53576832,36483,4,15,1,5,2,2635,0.197071682, ,SAHINTEPE,4445,1627,3,5,211,783,367,244,2,1,1,2,1,3,4,1,3613,1581,1044,3854,4021,2,2,2,87,158200
683,53576829,36483,4,12,1,5,2,2635,0.197071682,107,SAHINTEPE,4445,1627,3,4,211,783,367,244,2,1,1,2,1,3,4,1,3613,1581,1044,3854,4021,1,2,2,101,248600
683,18772701,36496,1,7,2,9,2,3985,0.209137599,108,SAHINTEPE,4611,1793,3,3,250,892,533,265,2,1,1,2,1,2,4,1,3721,1415,1005,3963,4065,-1,1,2,99,192100
637,35990608,36488,6,9,2,5,2,2485,0.215443002,95,SAHINTEPE,4661,1802,3,4,166,959,341,148,2,1,1,2,1,4,4,1,3682,1604,1208,4112,4368,1,2,2,90,169500
657,44822056,36492,3,11,1,6,2,2425,0.217882931,115,SAHINTEPE,4724,1866,3,1,170,1022,393,196,2,1,1,2,1,2,4,1,3694,1541,1144,4176,4412,2,1,2,108,293800
657,44822046,36492,3,1,1,6,2,2425,0.217882931,90,SAHINTEPE,4724,1866,3,1,170,1022,393,196,2,1,1,2,1,2,2,1,3694,1541,1144,4176,4412,-1,1,2,64,180800
634-6,42993160,36488,4,9,2,4,1,2205,0.21168479, ,SAHINTEPE,4604,1746,3,6,109,902,285,91,2,1,1,2,1,2,4,1,3699,1661,1163,4055,4311,2,2,2,109,237300
657,49949092,36491,16,2,1,7,1,2389,0.220495814,70,SAHINTEPE,4758,1900,3,6,204,1056,427,230,2,1,1,2,1,2,3,1,3728,1507,1110,4209,4446,-2,2,2,68,146900
657,49949093,36491,16,3,1,7,1,2389,0.220495814,112,SAHINTEPE,4758,1900,3,1,204,1056,427,230,2,1,1,2,1,2,4,1,3728,1507,1110,4209,4446,-1,2,2,102,151420
660,13933305,36494,5,14,1,5,2,1643,0.223224318,101,SAHINTEPE,4817,1958,3,8,276,1100,467,87,2,1,1,1,1,8,4,1,3842,1418,1008,4171,4273,3,2,2,95,187580
653.SOKAK,1906517,36484,7,20,2,5,1,3970,0.204382404,97,SAHINTEPE,4549,1840,3,4,150,789,600,297,2,1,1,2,1,10,4,1,3618,1485,1051,3860,3962,1,2,2,95,180800
653.SOKAK,1906527,36484,7,30,2,5,1,3970,0.204382404, ,SAHINTEPE,4549,1840,3,5,150,789,600,297,2,1,1,2,1,10,4,1,3618,1485,1051,3860,3962,3,2,2,102,226000
683,7612422,36496,4,13,2,7,1,1936,0.214450377,140,SAHINTEPE,4680,1861,3,8,319,961,602,196,2,1,1,2,1,7,4,1,3790,1346,936,4032,4134,3,2,2,130,259900
683,7612415,36496,4,7,2,7,1,1936,0.214450377, ,SAHINTEPE,4680,1861,3,8,319,961,602,196,2,1,1,2,1,7,4,1,3790,1346,936,4032,4134,0,2,2,122,203400
659,50589656,36494,8,2,1,6,1,1816,0.218910942,65,SAHINTEPE,4711,1893,3,2,338,993,490,190,2,1,1,2,1,2,3,1,3822,1458,1049,4063,4166,-1,2,2,65,146900
637-2,51921124,36490,9,6,2,6,1,1000,0.212739981,71,SAHINTEPE,4710,1813,3,6,171,1008,391,102,2,1,1,2,1,2,2,1,3584,1640,1152,4162,4417,-1,1,2,68,158200
637-2,51921126,36490,9,8,2,6,1,1000,0.212739981,80,SAHINTEPE,4710,1813,3,3,171,1008,391,102,2,1,1,2,1,2,4,1,3584,1640,1152,4162,4417,0,1,2,94,230520
637-2,51921122,36490,9,4,2,6,1,1000,0.212739981, ,SAHINTEPE,4710,1813,3,3,171,1008,391,102,2,1,1,2,1,2,3,1,3584,1640,1152,4162,4417,-1,1,2,75,146900
660,76375420,36495,5,13,2,5,2,2027,0.218926554,112,SAHINTEPE,4731,1913,3,6,340,1013,554,144,2,1,1,2,1,1,4,1,3842,1375,965,4083,4186,3,1,2,101,248600
659,78272908,36494,6,9,1,6,2,3154,0.222307135, ,SAHINTEPE,4755,1937,3,2,342,1036,534,146,2,1,1,2,1,2,4,1,3866,1415,1005,4107,4209,0,1,2,98,259900
659,78272909,36494,6,10,1,6,2,3154,0.222307135,75,SAHINTEPE,4755,1937,3,1,342,1036,534,146,2,1,1,2,1,2,3,1,3866,1415,1005,4107,4209,0,1,2,77,151420
659,78272919,36494,6,20,1,6,2,3154,0.222307135,140,SAHINTEPE,4755,1937,1,3,342,1036,534,146,2,1,1,2,1,2,5,2,3866,1415,1005,4107,4209,3,1,2,109,282500
683,41022592,36510,8,3,1,5,1,1583,0.218524258,67,SAHINTEPE,4736,1917,3,6,300,1017,639,157,2,1,1,2,1,3,3,1,3846,1290,880,4088,4190,0,2,2,62,135600
291. Cadde,1905757,36481,7,16,1,5,2,2381,0.196487079, ,SAHINTEPE,4501,1792,1,3,103,709,627,250,2,1,1,1,1,10,5,2,3538,1466,998,3779,3909,3,2,2,129.6,271200
291. Cadde,2211156,36481,7,5,1,5,2,2381,0.196487079, ,SAHINTEPE,4501,1792,3,1,103,709,627,250,2,1,1,1,1,10,4,1,3538,1466,998,3779,3909,1,2,2,93,293800
291. Cadde,1905750,36481,7,9,1,5,2,2381,0.196487079,102,SAHINTEPE,4501,1792,3,1,103,709,627,250,2,1,1,1,1,10,4,1,3538,1466,998,3779,3909,2,2,2,93,214700
652,33107790,36497,6,6,1,6,1,2414,0.214729347,93,SAHINTEPE,4689,1959,3,7,179,911,700,437,2,1,1,2,1,4,4,1,3740,1363,966,3982,4043,0,2,2,90,158200
652,33107794,36497,6,10,1,6,1,2414,0.214729347,114,SAHINTEPE,4689,1959,3,5,179,911,700,437,2,1,1,2,1,4,4,1,3740,1363,966,3982,4043,1,2,2,105,214700
652,33107800,36497,6,16,1,6,1,2414,0.214729347,111,SAHINTEPE,4689,1959,3,5,179,911,700,437,2,1,1,2,1,4,4,1,3740,1363,966,3982,4043,3,2,2,105,203400
657,42315132,36491,18,12,1,6,2,3568,0.226447685,81,SAHINTEPE,4932,2061,3,6,180,1230,591,229,2,1,1,2,1,3,4,1,3746,1379,982,4313,4415,0,2,2,78,226000
657,42315142,36491,18,22,1,6,2,3568,0.226447685, ,SAHINTEPE,4932,2061,3,3,180,1230,591,229,2,1,1,2,1,3,4,1,3746,1379,982,4313,4415,2,2,2,93,180800
657,42315124,36491,18,4,1,6,2,3568,0.226447685,79,SAHINTEPE,4932,2061,3,1,180,1230,591,229,2,1,1,2,1,3,3,1,3746,1379,982,4313,4415,-1,2,2,73,113000
657,78944952,36492,7,7,1,4,1,1965,0.230133737,135,SAHINTEPE,4899,2041,3,7,249,1197,568,235,2,1,1,2,1,1,4,1,3815,1447,1051,4319,4421,2,1,2,125,259900
651,48821457,36509,2,1,1,6,2,2489,0.224866031,85,SAHINTEPE,4847,2029,3,3,189,1128,600,45,2,1,1,1,1,3,4,1,3880,1285,875,4199,4301,-1,2,2,83,180800
651,48821465,36509,2,9,1,6,2,2489,0.224866031, ,SAHINTEPE,4847,2029,3,3,189,1128,600,45,2,1,1,1,1,3,4,1,3880,1285,875,4199,4301,1,2,2,98,226000
652,25984825,36496,11,4,1,4,1,1583,0.213919012,118,SAHINTEPE,4691,1983,3,7,155,888,723,452,2,1,1,2,1,5,4,1,3717,1340,943,3958,4020,1,2,2,108,214700
652,25984826,36496,11,5,1,4,1,1583,0.213919012,115,SAHINTEPE,4691,1983,3,5,155,888,723,452,2,1,1,2,1,5,4,1,3717,1340,943,3958,4020,1,2,2,108,226000
628,47172811,36514,1,23,1,6,2,3286,0.227313954,119,SAHINTEPE,4890,2072,3,1,146,1171,604,49,2,1,1,1,1,3,4,1,3837,1328,918,4242,4344,3,1,2,102,259900
628,47172808,36514,1,20,1,6,2,3286,0.227313954,120,SAHINTEPE,4890,2072,3,3,146,1171,604,49,2,1,1,1,1,3,4,1,3837,1328,918,4242,4344,3,1,2,106,259900
628,47172791,36514,1,4,1,6,2,3286,0.227313954, ,SAHINTEPE,4890,2072,3,3,146,1171,604,49,2,1,1,1,1,3,4,1,3837,1328,918,4242,4344,-1,1,2,107,248600
683,1909904,36508,2,19,1,9,2,3539,0.222157192, ,SAHINTEPE,4805,1987,3,6,252,1086,664,109,2,1,1,2,1,7,4,1,3916,1221,811,4157,4259,2,2,2,105,259900
683,1909905,36508,2,20,1,9,2,3539,0.222157192,118,SAHINTEPE,4805,1987,3,3,252,1086,664,109,2,1,1,2,1,7,4,1,3916,1221,811,4157,4259,2,2,2,101,226000
644.SOKAK,1905808,36481,2,11,1,4,1,1421,0.189842886, ,SAHINTEPE,4376,1814,1,4,109,573,649,221,2,1,1,2,1,9,5,2,3402,1550,987,3643,3811,3,2,2,138.3,271200
644.SOKAK,1905805,36481,2,8,1,4,1,1421,0.189842886,93,SAHINTEPE,4376,1814,3,4,109,573,649,221,2,1,1,2,1,9,4,1,3402,1550,987,3643,3811,2,2,2,84,214700
657,74343070,36491,13,4,2,6,1,1915,0.231690396, ,SAHINTEPE,4969,2098,3,6,217,1267,628,266,2,1,1,2,1,1,4,1,3783,1416,1019,4349,4452,-1,1,2,80,135600
657,74343069,36491,13,3,2,6,1,1915,0.231690396,112,SAHINTEPE,4969,2098,3,2,217,1267,628,266,2,1,1,2,1,1,4,1,3783,1416,1019,4349,4452,-1,1,2,109,226000
657,73405220,36491,14,5,1,6,1,2139,0.234817037,87,SAHINTEPE,4991,2120,3,8,239,1289,650,287,2,1,1,2,1,3,4,1,3805,1438,1041,4371,4474,-1,1,2,85,169500
657,73405214,36491,14,12,1,6,1,2139,0.234817037, ,SAHINTEPE,4991,2120,3,5,239,1289,650,287,2,1,1,2,1,3,4,1,3805,1438,1041,4371,4474,2,1,2,95,248600
657,73405209,36491,14,7,1,6,1,2139,0.234817037,75,SAHINTEPE,4991,2120,3,4,239,1289,650,287,2,1,1,2,1,3,3,1,3805,1438,1041,4371,4474,0,1,2,71,158200
646,1905572,36480,8,8,2,6,1,3170,0.193383958, ,SAHINTEPE,4433,1918,3,4,228,630,686,153,2,1,1,2,1,10,4,1,3459,1437,874,3700,3785,0,2,2,100,169500
628,43096944,36514,7,3,1,6,1,2912,0.227796629,77,SAHINTEPE,4941,2123,3,5,234,1184,655,100,2,1,1,1,1,3,4,1,3842,1237,827,4251,4276,-1,2,2,74,146900
657,54090674,36491,15,14,2,6,1,2196,0.235767003,110,SAHINTEPE,4998,2126,3,3,246,1296,657,294,2,1,1,2,1,1,4,1,3812,1444,1048,4378,4480,2,1,2,100,237300
652,36986866,36507,2,20,2,6,2,2813,0.210496592,100,SAHINTEPE,4623,2051,3,8,88,820,791,384,2,1,1,2,1,4,4,1,3649,1294,891,3891,3952,2,2,2,93,237300
291. Cadde,12042139,36497,10,9,2,4,1,2237,0.201106803, ,SAHINTEPE,4555,1938,3,4,81,751,773,275,2,1,1,1,1,7,4,1,3581,1288,884,3822,3907,3,2,2,101,214700
638,9218963,50903,1,8,2,6,2,1132,0.1839771,97,SAHINTEPE,4272,1801,3,4,232,469,642,69,2,1,1,2,1,10,4,1,3299,1617,1021,3540,3707,1,2,2,92,226000
683,1910028,36508,6,17,1,8,1,2600,0.223164478,102,SAHINTEPE,4884,2066,3,2,304,1089,743,188,2,1,1,2,1,9,4,1,3912,1142,732,4156,4182,2,2,2,91,203400
642,12041958,36479,3,5,2,4,1,1289,0.19235712,95,SAHINTEPE,4414,1926,3,7,232,611,676,143,2,1,1,2,1,8,4,1,3440,1427,865,3681,3776,1,2,2,90,237300
652,42356553,36507,4,3,1,6,1,1894,0.215483081,82,SAHINTEPE,4693,2093,3,6,158,890,833,392,2,1,1,2,1,3,4,1,3720,1230,833,3961,4023,-1,2,2,78,192100
642.SOKAK,3795855,36475,3,9,2,4,1,1365,0.179648414,89,SAHINTEPE,4222,1803,3,5,263,419,692,120,1,1,1,2,1,9,3,1,3248,1619,971,3490,3657,2,2,2,80,192100
683,77575388,36509,7,17,1,5,2,2204,0.220829641, ,SAHINTEPE,4867,2130,3,3,239,1068,771,216,2,1,1,2,1,1,4,1,3847,1121,711,4135,4160,3,1,2,89,226000
683,77575382,36509,7,11,1,5,2,2204,0.220829641, ,SAHINTEPE,4867,2130,3,6,239,1068,771,216,2,1,1,2,1,1,4,1,3847,1121,711,4135,4160,1,1,2,87,237300
652,2211971,36507,6,11,2,7,1,1919,0.218605319, ,SAHINTEPE,4734,2133,3,6,198,931,873,351,2,1,1,2,1,8,4,1,3760,1189,793,4001,4063,2,2,2,86,180800
652,1909646,36507,6,1,2,7,1,1919,0.218605319,75,SAHINTEPE,4734,2133,3,6,198,931,873,351,2,1,1,2,1,8,3,1,3760,1189,793,4001,4063,-2,2,2,69,146900
642,3795097,36498,10,6,2,5,2,1905,0.196312797,118,SAHINTEPE,4443,2027,3,8,193,639,696,163,2,1,1,2,1,6,4,1,3469,1332,802,3710,3795,1,2,2,106,259900
642,3795094,36498,10,3,2,5,2,1905,0.196312797, ,SAHINTEPE,4443,2027,3,8,193,639,696,163,2,1,1,2,1,6,4,1,3469,1332,802,3710,3795,0,2,2,106,226000
683,1910801,36518,3,11,2,7,1,2681,0.222569153,101,SAHINTEPE,4884,2147,3,5,300,1085,743,270,2,1,1,2,1,8,4,1,3908,1060,650,4152,4177,1,2,2,94,226000
644,30690957,36478,1,3,2,5,2,4200,0.183785303,88,SAHINTEPE,4247,1949,3,5,263,443,644,152,2,1,1,2,1,3,3,1,3273,1535,833,3514,3681,-1,2,2,90,158200
644,30690977,36478,1,13,2,5,2,4200,0.183785303, ,SAHINTEPE,4247,1949,3,4,263,443,644,152,2,1,1,2,1,3,4,1,3273,1535,833,3514,3681,1,2,2,102,180800
662,38042593,36515,18,13,2,5,2,2331,0.226974532,128,SAHINTEPE,4995,2235,3,7,112,1195,777,222,2,1,1,1,1,4,4,1,3719,1219,823,4263,4288,3,2,2,114,259900
666,1909167,36506,1,2,2,7,2,2571,0.199441536,84,SAHINTEPE,4504,2051,3,8,87,701,734,265,2,1,1,2,1,9,3,1,3530,1234,772,3771,3833,-2,2,2,72,169500
666,1909172,36506,1,7,2,7,2,2571,0.199441536, ,SAHINTEPE,4504,2051,3,7,87,701,734,265,2,1,1,2,1,9,4,1,3530,1234,772,3771,3833,0,2,2,68,259900
666,2211929,36506,1,5,2,7,2,2571,0.199441536, ,SAHINTEPE,4504,2051,3,5,87,701,734,265,2,1,1,2,1,9,4,1,3530,1234,772,3771,3833,0,2,2,76,169500
643.SOKAK,52983408,36478,2,18,1,4,1,2769,0.188945092,122,SAHINTEPE,4337,1977,1,7,291,534,623,91,2,1,1,2,1,2,5,2,3364,1444,812,3605,3723,3,1,2,98,271200
643.SOKAK,52983403,36478,2,13,1,4,1,2769,0.188945092,143,SAHINTEPE,4337,1977,1,4,291,534,623,91,2,1,1,2,1,2,5,2,3364,1444,812,3605,3723,3,1,2,113.8,305100
643.SOKAK,52983400,36478,2,10,1,4,1,2769,0.188945092, ,SAHINTEPE,4337,1977,3,4,291,534,623,91,2,1,1,2,1,2,4,2,3364,1444,812,3605,3723,2,1,2,103,203400
291,1909830,36507,11,6,1,4,1,2022,0.207617319,93,SAHINTEPE,4634,2062,3,6,42,830,863,394,2,1,1,1,1,7,4,1,3660,1164,768,3901,3963,2,2,2,80,203400
657,75563218,36513,4,3,1,6,2,2503,0.225154665,96,SAHINTEPE,5031,2200,3,8,76,1231,802,258,2,1,1,2,1,1,3,1,3683,1184,787,4299,4324,-1,1,2,90,171760
652,1910768,36519,2,6,2,7,2,2121,0.219086715,70,SAHINTEPE,4755,2192,3,5,171,955,870,321,2,1,1,1,1,5,3,1,3781,1132,735,4023,4048,-1,2,2,69,169500
648,2211645,36500,5,9,2,5,2,2288,0.185829864,118,SAHINTEPE,4281,2059,3,8,253,477,534,41,2,1,1,2,1,12,4,1,3307,1386,722,3548,3633,2,2,2,108,259900
652,35932471,36519,4,12,2,7,1,1604,0.224262014,116,SAHINTEPE,4829,2237,3,7,246,1029,796,361,2,1,1,2,1,4,4,1,3855,1085,689,4097,4122,3,2,2,105,226000
666,1909406,36506,11,7,2,6,1,1629,0.202934056,125,SAHINTEPE,4543,2121,3,6,157,740,773,304,2,1,1,2,1,8,4,1,3569,1164,706,3811,3872,1,2,2,114,271200
683,43777513,36518,8,11,2,7,1,1956,0.226610688,73,SAHINTEPE,4987,2250,3,2,267,1187,641,372,2,1,1,2,1,3,3,1,3891,958,548,4254,4177,2,2,2,64,146900
663,1910401,36515,9,6,2,6,1,1782,0.229129689,108,SAHINTEPE,5009,2272,3,6,269,1209,769,394,2,1,1,2,1,6,4,1,3808,1086,676,4276,4302,1,2,2,94,226000
652,1915005,36519,21,29,2,7,1,3192,0.228034579,95,SAHINTEPE,4878,2286,3,8,260,1078,747,409,2,1,1,2,1,11,4,2,3904,1036,640,4145,4171,3,2,2,88,214700
652,2213108,36519,21,4,2,7,1,3192,0.228034579,72,SAHINTEPE,4878,2286,3,8,260,1078,747,409,2,1,1,2,1,11,4,2,3904,1036,640,4145,4171,-2,2,2,69,124300
652,1914978,36519,21,2,2,7,1,3192,0.228034579,107,SAHINTEPE,4878,2286,3,4,260,1078,747,409,2,1,1,2,1,11,4,2,3904,1036,640,4145,4171,-2,2,2,92,203400
664,53416322,36517,1,10,2,5,1,2757,0.228883675, ,SAHINTEPE,5020,2291,3,2,290,1228,672,413,2,1,1,2,1,2,4,1,3849,989,579,4287,4208,2,1,2,103,253120
650,1908721,36503,7,8,2,5,1,1767,0.194464876,88,SAHINTEPE,4379,2157,3,7,171,576,605,140,2,1,1,2,1,10,4,1,3406,1291,681,3647,3705,1,2,2,83,192100
663,52427586,36516,7,2,2,5,1,2007,0.231447293,155,SAHINTEPE,5081,2321,3,6,197,1281,732,392,2,1,1,2,1,2,3,1,3736,1109,712,4348,4374,0,1,2,65,271200
663,52427592,36516,7,8,2,5,1,2007,0.231447293,95,SAHINTEPE,5081,2321,3,2,197,1281,732,392,2,1,1,2,1,2,4,1,3736,1109,712,4348,4374,2,1,2,93,212440
666,1910986,36520,1,15,2,8,2,2384,0.210576384, ,SAHINTEPE,4648,2201,3,8,181,848,841,412,2,1,1,2,1,8,4,2,3674,1094,637,3915,3941,2,2,2,108,248600
666,1910987,36520,1,16,2,8,2,2384,0.210576384,122,SAHINTEPE,4648,2201,3,1,181,848,841,412,2,1,1,2,1,8,4,2,3674,1094,637,3915,3941,3,2,2,109,248600
664,9333317,36516,18,15,2,6,1,3114,0.229810261,116,SAHINTEPE,5036,2307,3,8,274,1245,688,430,2,1,1,2,1,6,4,1,3833,1005,595,4304,4224,2,2,2,108,226000
652. Sokak,52262044,36518,13,6,1,5,1,1240,0.230189364, ,SAHINTEPE,4922,2331,3,8,216,1122,703,454,2,1,1,2,1,2,4,1,3948,992,595,4190,4127,1,1,2,76,214700
652. Sokak,52262050,36518,13,12,1,5,1,1240,0.230189364,87,SAHINTEPE,4922,2331,3,8,216,1122,703,454,2,1,1,2,1,2,4,1,3948,992,595,4190,4127,3,1,2,76,189840
652. Sokak,52262041,36518,13,3,1,5,1,1240,0.230189364, ,SAHINTEPE,4922,2331,3,8,216,1122,703,454,2,1,1,2,1,2,4,1,3948,992,595,4190,4127,0,1,2,71,158200
652. Sokak,52262040,36518,13,2,1,5,1,1240,0.230189364, ,SAHINTEPE,4922,2331,3,7,216,1122,703,454,2,1,1,2,1,2,4,1,3948,992,595,4190,4127,0,1,2,58,180800
664,41828915,36517,3,8,2,5,1,1716,0.231331598, ,SAHINTEPE,5063,2334,3,2,247,1272,691,456,2,1,1,2,1,3,4,1,3806,1032,622,4330,4251,2,2,2,110,271200
664,41828911,36517,3,4,2,5,1,1716,0.231331598,117,SAHINTEPE,5063,2334,3,3,247,1272,691,456,2,1,1,2,1,3,4,1,3806,1032,622,4330,4251,1,2,2,98,248600
667,13695003,36504,6,11,2,5,2,1684,0.198982617,111,SAHINTEPE,4453,2217,3,8,150,729,647,293,2,1,1,2,1,7,4,1,3479,1197,611,3721,3746,3,2,2,104,282500
649,1908339,36501,6,15,1,7,1,2112,0.190343209,155,SAHINTEPE,4320,2164,1,5,151,583,518,147,2,1,1,2,1,15,5,2,3346,1323,662,3587,3617,3,2,2,164.2,293800
668,1908982,36505,7,3,2,6,2,2029,0.208534736,65,SAHINTEPE,4614,2224,3,6,215,827,807,391,2,1,1,2,1,8,3,1,3640,1090,602,3881,3906,-1,2,2,62,113000
667,1908591,36503,3,1,2,7,1,2388,0.198809839,92,SAHINTEPE,4448,2222,3,7,145,734,642,297,2,1,1,2,1,16,4,1,3474,1202,606,3716,3741,-3,2,2,88,169500
652,37874465,36518,12,11,1,5,1,1178,0.22997432,80,SAHINTEPE,4918,2350,3,5,196,1142,683,474,2,1,1,2,1,5,4,1,3945,972,576,4186,4107,3,2,2,75,169500
664,5323898,36516,10,3,1,6,2,2180,0.231265427,71,SAHINTEPE,5149,2379,3,1,160,1358,605,451,2,1,1,1,1,8,3,1,3720,982,585,4417,4338,0,2,2,66,146900
650,1908542,36503,5,11,2,6,1,2046,0.195193405,112,SAHINTEPE,4374,2231,3,4,111,650,567,214,2,1,1,2,1,16,4,1,3400,1274,613,3641,3666,2,2,2,101,248600
677. Sokak,1910911,36519,11,2,2,7,2,2083,0.22509763, ,SAHINTEPE,4854,2385,3,4,132,1151,649,507,2,1,1,2,1,9,3,1,3880,908,511,4121,4042,-2,2,2,85,142380
667,1908519,36503,4,10,2,6,1,1222,0.196897221,106,SAHINTEPE,4393,2264,3,7,100,682,587,246,2,1,1,2,1,18,4,1,3420,1242,581,3661,3686,1,2,2,94,203400
667,1908510,36503,4,1,2,6,1,1222,0.196897221,95,SAHINTEPE,4393,2264,3,4,100,682,587,246,2,1,1,2,1,18,3,1,3420,1242,581,3661,3686,-2,2,2,93,180800
683,19383003,36532,13,3,1,5,1,1411,0.228727157, ,SAHINTEPE,4997,2399,3,7,219,1294,491,392,2,1,1,2,1,7,3,1,3928,808,399,4265,4120,0,2,2,72,180800
291. Cadde,26047809,36519,14,1,1,5,1,1196,0.223714346,118,SAHINTEPE,4866,2306,3,6,14,1070,661,533,2,1,1,1,1,7,4,2,3892,920,523,4134,4055,1,2,2,109,248600
636. Cadde (Hocalı cad.),1906807,37025,4,8,2,5,1,1311,0.237219332,89,SAHINTEPE,5136,2793,3,1,82,1482,174,271,2,1,1,1,1,13,4,1,3970,433,74,4404,3927,3,2,2,83,203400
678,3522220,36530,6,14,2,7,1,3096,0.229301663, ,SAHINTEPE,4939,2428,3,4,160,1236,549,450,2,1,1,2,1,8,4,1,3965,837,440,4206,4062,1,2,2,103,214700
668,71352919,36522,2,8,2,5,1,1326,0.201938507,132,SAHINTEPE,4461,2373,1,8,162,806,655,448,2,1,1,2,1,2,5,2,3487,1111,450,3729,3754,3,1,2,94.6,406800
636,17381982,36538,6,2,1,6,1,2151,0.235966155,128,SAHINTEPE,5068,2824,3,1,13,1413,242,340,2,1,1,1,1,8,4,1,4039,502,6,4335,3859,1,2,2,111,293800
669,1911793,36523,4,6,2,5,1,1610,0.207881013,114,SAHINTEPE,4546,2399,3,4,248,892,740,475,2,1,1,2,1,9,4,1,3572,1055,439,3814,3839,1,2,2,104,282500
685,3474163,36540,16,11,2,5,1,1856,0.236537957, ,SAHINTEPE,5169,2688,3,7,203,1469,215,312,2,1,1,2,1,8,4,1,3889,532,178,4436,4081,2,2,2,88,226000
669,4326287,36522,9,3,2,5,1,1421,0.207416594,144,SAHINTEPE,4532,2413,3,2,234,878,726,489,2,1,1,2,1,9,4,1,3559,1069,425,3800,3825,1,2,2,133,293800
681,5593856,36534,2,9,2,5,1,1345,0.230788343,95,SAHINTEPE,5133,2555,3,7,167,1432,421,314,2,1,1,2,1,8,4,1,3773,738,328,4400,4098,2,2,2,85,226000
666,7746044,36528,4,10,1,6,1,2311,0.221610226,100,SAHINTEPE,4800,2477,3,3,208,1096,625,613,2,1,1,2,1,8,4,1,3826,807,379,4067,3911,1,2,2,90,237300
666,7746047,36528,4,13,1,6,1,2311,0.221610226, ,SAHINTEPE,4800,2477,3,3,208,1096,625,613,2,1,1,2,1,8,4,1,3826,807,379,4067,3911,2,2,2,90,237300
674,3795154,36529,9,16,2,5,1,1853,0.228967385, ,SAHINTEPE,4894,2592,3,2,71,1194,488,475,2,1,1,2,1,12,4,1,3920,747,327,4162,3859,3,2,2,91,237300
674,1912889,36529,9,7,2,5,1,1853,0.228967385,101,SAHINTEPE,4894,2592,3,2,71,1194,488,475,2,1,1,2,1,12,4,1,3920,747,327,4162,3859,1,2,2,91,214700
666,1914561,36527,15,16,2,6,1,2800,0.228471981,180,SAHINTEPE,4914,2635,1,8,177,1214,467,513,2,1,1,2,1,7,4,2,3940,649,221,4182,3849,3,2,2,132.9,316400
 , , , , , , , , , , , , , , , , , , , , , , , , , , , , , , , , , , , , , 
 , , , , , , , , , , , , , , , , , , , , , , , , , , , , , , , , , , , , , 
